k,theta_true,omega_true,theta_pred,omega_pred
0,0.7240297794342041,15.816768646240234,0.7387622351614265,15.832901841232365
1,0.8022109866142273,15.637571334838867,0.8374525832374073,15.660179990370557
2,0.879188597202301,15.426715850830078,0.9312473482375647,15.466439268699405
3,0.9580194354057312,15.183653831481934,1.029554527978035,15.220256130782813
4,1.032108187675476,14.915276527404785,1.1185476678622046,14.940161924659979
5,1.103598952293396,14.623466491699219,1.1874819188231966,14.635736203814524
6,1.177642822265625,14.313051223754883,1.2605313667603388,14.303338549526142
7,1.2476009130477905,13.988737106323242,1.3127148804026174,13.955428740805248
8,1.3167169094085693,13.628110885620117,1.3403114358536445,13.567267998263294
9,1.3861888647079468,13.240091323852539,1.3454034442397003,13.133279843137148
10,1.448749303817749,12.827322959899902,1.3171821777834425,12.645139316861371
11,1.5141592025756836,12.38617992401123,1.3156051254314018,12.099635240093772
12,1.5724769830703735,11.632811546325684,1.3305519640889816,11.477527844023559
13,1.6299978494644165,10.885594367980957,1.3445108219042066,10.764855568509606
14,1.6815959215164185,10.14636516571045,1.3617103844434686,9.98280754443131
15,1.7305972576141357,9.412357330322266,1.3872770822919813,9.169347518965719
16,1.7777892351150513,8.690832138061523,1.407236941852283,8.34875948285789
17,1.8171188831329346,7.9778900146484375,1.415382737899344,7.537538241070256
18,1.8562804460525513,7.276019096374512,1.3931443725201527,6.740730242307916
19,1.8907562494277954,6.585712432861328,1.3576097125459876,5.971262125666677
20,1.9203071594238281,5.908685684204102,1.2741528748465372,5.23583014264366
21,1.9501454830169678,5.241242408752441,1.210641714619437,4.497235676240667
22,1.9733785390853882,4.5809855461120605,1.1619020197500012,3.7629655987998127
23,1.996294617652893,3.935028553009033,1.1009005262842606,3.0346625640067537
24,2.0136544704437256,3.2959322929382324,1.0341861040227711,2.313935941183082
25,2.0285909175872803,2.6670258045196533,0.9440472733748367,1.6262155118670765
26,2.039985179901123,2.0468578338623047,0.8775574033239537,0.9564496529945039
27,2.047597885131836,1.4319549798965454,0.8138627229162287,0.31570822837993107
28,2.0552988052368164,0.8245436549186707,0.7624773320228114,-0.30950023907459
29,2.055792808532715,0.2200137972831726,0.7231843382585799,-0.9177202616320328
30,2.0571727752685547,-0.33263012766838074,0.6883606178658025,-1.5089886396104122
31,2.0521397590637207,-0.8684036135673523,0.6609377708169542,-2.0923766514003868
32,2.0502331256866455,-1.3994626998901367,0.6426275294599604,-2.656070808926867
33,2.038771629333496,-1.9306507110595703,0.6283814365763377,-3.211137401451237
34,2.0292091369628906,-2.4616379737854004,0.6135419651112989,-3.758370741570139
35,2.015129327774048,-2.9911558628082275,0.5927121377114012,-4.282410271065558
36,2.000230073928833,-3.522622585296631,0.56643163623421,-4.7950196100657205
37,1.9805699586868286,-4.054455757141113,0.5382090341199407,-5.302428677375451
38,1.9583494663238525,-4.587902069091797,0.4983404525850411,-5.822745807824282
39,1.9330517053604126,-5.123570442199707,0.4588895239969659,-6.350790126067744
40,1.906786322593689,-5.659042835235596,0.41540594748667925,-6.900007519000892
41,1.877150058746338,-6.202012538909912,0.359476043719927,-7.481620091244348
42,1.8446223735809326,-6.744234085083008,0.2936578056434737,-8.083684264426855
43,1.8090870380401611,-7.287772178649902,0.21599314321568758,-8.709454522723428
44,1.7716931104660034,-7.835829257965088,0.1475046283888494,-9.34075332561094
45,1.7310926914215088,-8.381896018981934,0.08263399925545795,-9.961605643319302
46,1.6881916522979736,-8.930493354797363,0.024756548292300694,-10.583676883663058
47,1.6440409421920776,-9.480940818786621,-0.031014458360974252,-11.192829454406628
48,1.5934898853302002,-10.026106834411621,-0.08839933250642612,-11.799555255134356
49,1.5417674779891968,-10.569008827209473,-0.14712231657745936,-12.411205500965103
50,1.4851739406585693,-11.110286712646484,-0.2023496565317958,-13.014542742473841
51,1.4311412572860718,-11.622390747070312,-0.25864050744183703,-13.609175302390488
52,1.371755599975586,-12.104155540466309,-0.308037399941197,-14.202318914408346
53,1.3094691038131714,-12.553731918334961,-0.35359463362896604,-14.785964587023658
54,1.2457053661346436,-12.967628479003906,-0.39327650403081543,-15.368494881847417
55,1.179574966430664,-13.346967697143555,-0.43371916446623743,-15.960056197389102
56,1.1134772300720215,-14.21298885345459,-0.47027809322484443,-16.551306175208474
57,1.0387763977050781,-15.051857948303223,-0.5248722581476728,-17.197950007517385
58,0.959672212600708,-15.858972549438477,-0.5986248667901445,-17.864441106880495
59,0.8811013698577881,-16.633398056030273,-0.6772773310744133,-18.539404541878802
60,0.794087290763855,-17.369606018066406,-0.7668460012652139,-19.23538670118837
61,0.7053259611129761,-18.060779571533203,-0.8636292416776978,-19.913605616548647
62,0.6146242618560791,-18.702739715576172,-0.9579048091929433,-20.53783360164485
63,0.5190903544425964,-19.291908264160156,-1.0514135242499236,-21.08568991020454
64,0.4222123622894287,-19.82493782043457,-1.1644935553184714,-21.570700065479755
65,0.3212625980377197,-20.29347801208496,-1.2606013299946248,-21.9753515696371
66,0.2198229730129242,-20.698144912719727,-1.3356053308700462,-22.29467356698141
67,0.11596737056970596,-21.03556251525879,-1.389910373947846,-22.52470423665188
68,0.008489242754876614,-21.3052921295166,-1.4243076845581322,-22.695079964691583
69,-0.09613731503486633,-21.504714965820312,-1.4462413813409727,-22.793472849662866
70,-0.20671366155147552,-21.633655548095703,-1.4855482320759297,-22.833475888171545
71,-0.3141464293003082,-21.69365119934082,-1.530611029802421,-22.824672585486983
72,-0.42498669028282166,-21.688640594482422,-1.5800566064589296,-22.7585972166999
73,-0.5314964652061462,-21.619911193847656,-1.6315645391634626,-22.62712799044641
74,-0.6399067640304565,-21.490535736083984,-1.6838519688120475,-22.45655240523101
75,-0.7461321353912354,-21.30776596069336,-1.7442778437138517,-22.238949998340452
76,-0.8527219891548157,-21.076894760131836,-1.8186421760273168,-21.99132664794348
77,-0.9571362137794495,-20.80205726623535,-1.8885145711238742,-21.718190744592317
78,-1.0595990419387817,-20.49163055419922,-1.9548752557160105,-21.41041888587898
79,-1.1604875326156616,-20.151824951171875,-2.0333464862198243,-21.080692561010082
80,-1.2618260383605957,-19.78582000732422,-2.1282643089315614,-20.741572837769432
81,-1.359140157699585,-19.384510040283203,-2.227755717211047,-20.377464116417425
82,-1.4557652473449707,-18.95009994506836,-2.3444875373614167,-20.00563266081246
83,-1.5504072904586792,-18.490177154541016,-2.4587386980091455,-19.596898983127318
84,-1.6407124996185303,-18.01227378845215,-2.56560515562795,-19.165684413081383
85,-1.7304868698120117,-17.521728515625,-2.664915876707493,-18.709585620351817
86,-1.815420389175415,-17.01952362060547,-2.7560326168744753,-18.236193080723808
87,-1.8976223468780518,-16.262487411499023,-2.834283883364656,-17.733821286846062
88,-1.9782136678695679,-15.526517868041992,-2.894932801606921,-17.182070673897996
89,-2.0548758506774902,-14.81661605834961,-2.9387452309766333,-16.612310055632545
90,-2.125485420227051,-14.130457878112793,-2.9616272410985474,-16.037821065296043
91,-2.1979222297668457,-13.475702285766602,-2.9747754923814926,-15.466327609126106
92,-2.2608466148376465,-12.847018241882324,-2.9786794544099475,-14.902747569111707
93,-2.3246662616729736,-12.252694129943848,-2.979257858939044,-14.370822834497973
94,-2.3860504627227783,-11.686349868774414,-2.9786761039907836,-13.864798316061092
95,-2.4425208568573,-11.152860641479492,-2.977800030833473,-13.39093159144363
96,-2.4963107109069824,-10.649621963500977,-2.976168036828136,-12.949193654025496
97,-2.5462100505828857,-10.17614459991455,-2.9691102612537508,-12.537986561335439
98,-2.597369432449341,-9.732925415039062,-2.9543718468325166,-12.15758206731421
99,-2.6438255310058594,-9.318511962890625,-2.9273922345114562,-11.799309243527647
100,-2.689912796020508,-8.93505859375,-2.888156039203906,-11.474398457088153
101,-2.734079360961914,-8.577949523925781,-2.831527074632345,-11.16453914721481
102,-2.776836395263672,-8.250840187072754,-2.749495738427192,-10.884911210691813
103,-2.8174357414245605,-7.950239181518555,-2.639642191639815,-10.63473510192911
104,-2.856703281402588,-7.673517227172852,-2.512735625415665,-10.406792552816594
105,-2.8939573764801025,-7.40294885635376,-2.338909641152779,-10.193917682958018
106,-2.930016040802002,-7.134943008422852,-2.12382198611015,-9.991118892529911
107,-2.9646825790405273,-6.873178482055664,-1.8502147424438773,-9.789056137761717
108,-2.9975624084472656,-6.607657432556152,-1.527563399115848,-9.590241362653728
109,-3.0311689376831055,-6.34997034072876,-1.1401664378374132,-9.38225715544063
110,-3.061710834503174,-6.088888645172119,-0.6840583323128926,-9.161960370489174
111,-3.0922389030456543,-5.8318352699279785,-0.13051518347832103,-8.931623075841381
112,-3.120818614959717,-5.571972846984863,0.5065837744078582,-8.676910946988338
113,3.135845184326172,-5.310944080352783,1.1937750040147375,-8.401202654528548
114,3.1098501682281494,-5.045790672302246,1.7730118095550265,-8.137414119852002
115,3.0847301483154297,-4.7819905281066895,2.249517283607646,-7.876717485779876
116,3.061408042907715,-4.511171817779541,2.6190782604134157,-7.624170041875284
117,3.0402162075042725,-4.234930515289307,2.8938230074099085,-7.371321397915602
118,3.0196588039398193,-3.9509966373443604,3.064877597527699,-7.108328201322266
119,3.001704692840576,-3.664442539215088,3.1677392248196825,-6.834267660681361
120,2.9844071865081787,-3.3694887161254883,3.216014703198157,-6.547183176919071
121,2.968139410018921,-3.0674173831939697,3.2243501626828643,-6.250630287767417
122,2.9523844718933105,-2.7525634765625,3.2099884314539584,-5.953364245956145
123,2.939441442489624,-2.4305033683776855,3.1789815751559285,-5.652320487422798
124,2.927521228790283,-2.0952727794647217,3.121480433327773,-5.344677752118292
125,2.9197442531585693,-1.7686759233474731,3.054938799792913,-5.027547332276928
126,2.9097399711608887,-1.4508119821548462,2.975158224125249,-4.7027809636459486
127,2.9039885997772217,-1.138407588005066,2.8959902189434557,-4.370278002043523
128,2.8986752033233643,-0.8322900533676147,2.8105944138219745,-4.0442533320929055
129,2.8970344066619873,-0.5312673449516296,2.718299669478668,-3.720418632659566
130,2.8933115005493164,-0.23591358959674835,2.6135248907976063,-3.39792204670054
131,2.892852306365967,0.036773502826690674,2.507780016389322,-3.0833174002783394
132,2.893373489379883,0.2688307464122772,2.400182680547919,-2.7752174737618085
133,2.894996166229248,0.5006453990936279,2.2914101735108736,-2.4655617962214302
134,2.8989098072052,0.7320723533630371,2.1834323714432515,-2.153843953089873
135,2.901967763900757,0.9674599766731262,2.064008834729458,-1.8299287969103006
136,2.906801462173462,1.2018405199050903,1.9388634314737976,-1.4976096903998672
137,2.9154436588287354,1.4385982751846313,1.810477444742594,-1.1736334738200218
138,2.924825668334961,1.6758983135223389,1.665621770852258,-0.8545118520580453
139,2.9304752349853516,1.9193813800811768,1.4982187886324974,-0.535004881743098
140,2.9417102336883545,2.164788007736206,1.3138206783203281,-0.21597994871475923
141,2.952195644378662,2.42060923576355,1.1020146808506266,0.10212770122752013
142,2.967763662338257,2.6771249771118164,0.863192409612729,0.4172354806600322
143,2.978360891342163,2.9409570693969727,0.5960819948502804,0.7261166228447398
144,2.9951207637786865,3.216750383377075,0.3033696873215851,1.0272745033833959
145,3.0134851932525635,3.495607614517212,-0.009839820510968655,1.31657198716134
146,3.0290329456329346,3.3662726879119873,-0.35595270533116946,1.5827899288191916
147,3.0483014583587646,3.24678111076355,-0.7171770478332598,1.7546777412979455
148,3.0644497871398926,3.14007306098938,-1.1482068965427976,1.8725164930739788
149,3.0785789489746094,3.0416834354400635,-1.6563930972902345,1.9665059139120822
150,3.093961238861084,2.9562294483184814,-2.227882744061506,2.0249781494797556
151,3.106692314147949,2.878188133239746,-2.8948384201892745,2.078197033439701
152,3.1221368312835693,2.8129215240478516,-3.661424484102497,2.1303238840773453
153,3.13551664352417,2.7567193508148193,-4.509687228663879,2.1898749022158692
154,-3.133775234222412,2.708418130874634,-5.4592545294205,2.2666787649885465
155,-3.1217548847198486,2.6680843830108643,-6.2059793048130905,2.3504526109231967
156,-3.1070804595947266,2.638773202896118,-6.749363442933973,2.433643350544971
157,-3.0944478511810303,2.5944602489471436,-7.157014272534509,2.5251711934231227
158,-3.081763744354248,2.5380046367645264,-7.440921922450772,2.610017727608443
159,-3.0703115463256836,2.472493886947632,-7.617265853288367,2.7027201628025956
160,-3.0576183795928955,2.390570640563965,-7.7168197719024585,2.7902460150460575
161,-3.043487548828125,2.30072021484375,-7.751225015628485,2.8707569092165968
162,-3.034456253051758,2.191631555557251,-7.750067828800478,2.9577920954364636
163,-3.023887872695923,2.0717082023620605,-7.717814268817935,3.0584282953696436
164,-3.0147016048431396,1.9367942810058594,-7.656353836604266,3.176525718807774
165,-3.003890037536621,1.9806784391403198,-7.574612873220666,3.3060973554145825
166,-2.993825912475586,2.0279152393341064,-7.490595625255991,3.4580255368108035
167,-2.9833121299743652,2.0844979286193848,-7.388039813609601,3.6299922824557456
168,-2.9726712703704834,2.1213550567626953,-7.271127626012787,3.8064746849577316
169,-2.9633123874664307,2.146206855773926,-7.153966328573915,3.9851414324506753
170,-2.9501354694366455,2.1577394008636475,-7.033653879008899,4.162674226195362
171,-2.9402692317962646,2.1531829833984375,-6.909876570897147,4.3207294554437405
172,-2.9305551052093506,2.1347453594207764,-6.787815371626575,4.443132530739415
173,-2.9181363582611084,2.1011805534362793,-6.662457668305265,4.545791458980297
174,-2.9084057807922363,2.055398941040039,-6.539696122337594,4.638102260853792
175,-2.8997693061828613,1.9936631917953491,-6.425672343305335,4.703480064377104
176,-2.887699604034424,1.9190218448638916,-6.31720611023709,4.749196371400623
177,-2.879199981689453,1.8295060396194458,-6.1970202902895535,4.77803469308034
178,-2.8707869052886963,1.7246057987213135,-6.070871761950624,4.788128614561268
179,-2.860858201980591,1.6037143468856812,-5.938593487136523,4.777064286958335
180,-2.8543386459350586,1.4677733182907104,-5.798494799943987,4.757163790241694
181,-2.8472065925598145,1.3163456916809082,-5.66273916451623,4.7113246161081905
182,-2.841967821121216,1.1516320705413818,-5.54257366042744,4.650175172885521
183,-2.8366734981536865,0.9675505757331848,-5.431685475222528,4.575577385262481
184,-2.828766107559204,0.7662338614463806,-5.334411517409252,4.490174719554274
185,-2.8288471698760986,0.5498341917991638,-5.241574715588615,4.391138883803915
186,-2.8262522220611572,0.315909206867218,-5.175759176045635,4.275571223025986
187,-2.824249029159546,0.0590992234647274,-5.130183620636581,4.150449558029808
188,-2.8255538940429688,-0.1426098495721817,-5.079158980852708,4.012532399020176
189,-2.828033447265625,-0.3357960879802704,-5.024025248858122,3.8691178262618737
190,-2.8288187980651855,-0.5236182808876038,-4.97447635721072,3.709514541632142
191,-2.832385301589966,-0.7128651738166809,-4.925370088001558,3.5409674172926473
192,-2.836135149002075,-0.905746579170227,-4.8841623883348815,3.3646844471219204
193,-2.842228651046753,-1.1008763313293457,-4.851534570818836,3.172231560783591
194,-2.8459889888763428,-1.294879674911499,-4.831846531135948,2.9807031359373033
195,-2.8549978733062744,-1.4933632612228394,-4.820471073600687,2.7811552303246376
196,-2.862487316131592,-1.6945223808288574,-4.817078216587886,2.5854819938642306
197,-2.8718416690826416,-1.9008630514144897,-4.821893867211955,2.386577683622197
198,-2.8817248344421387,-2.1089982986450195,-4.838649561421242,2.1928950923896933
199,-2.8905065059661865,-2.3237926959991455,-4.860625779858417,2.0017077150766003
200,-2.904116153717041,-2.547656536102295,-4.886753177205725,1.8173423725132065
201,-2.917891025543213,-2.77264404296875,-4.908612415865868,1.6431047939033532
202,-2.930481195449829,-2.585834503173828,-4.925728903252103,1.4991399597019952
203,-2.943051815032959,-2.407461643218994,-4.9208574766696245,1.454697263878383
204,-2.9565062522888184,-2.2396459579467773,-4.915154535614654,1.4557854923284113
205,-2.964993715286255,-2.0790607929229736,-4.901258718355623,1.4719058248045698
206,-2.9733638763427734,-1.927107334136963,-4.887200604213839,1.4840079895954144
207,-2.9864392280578613,-1.7821834087371826,-4.88027553607826,1.4880151831586028
208,-2.993422031402588,-1.641541838645935,-4.881796124161464,1.4781302127217637
209,-3.001997947692871,-1.5086156129837036,-4.878394514162154,1.454384247582913
210,-3.007578134536743,-1.3821988105773926,-4.870484837047097,1.4144997443342415
211,-3.0157291889190674,-1.2598893642425537,-4.864348530780163,1.381357833588249
212,-3.021862030029297,-1.1428356170654297,-4.866450617016964,1.3347929921965342
213,-3.0256972312927246,-1.0277764797210693,-4.867259301304567,1.2918370541253956
214,-3.0323383808135986,-0.9200854897499084,-4.876724236972711,1.2395189474109778
215,-3.0350351333618164,-0.8147250413894653,-4.891989331067321,1.179865198323739
216,-3.0383713245391846,-0.7143283486366272,-4.914146817927378,1.1133906670453957
217,-3.042421579360962,-0.6132498979568481,-4.9333477199269105,1.0402440308161764
218,-3.0458242893218994,-0.5182116627693176,-4.949350899793475,0.9604644595605606
219,-3.048304319381714,-0.424211323261261,-4.967607715792295,0.892475127134537
220,-3.0498862266540527,-0.3312205970287323,-4.988091261342921,0.8320395837117005
221,-3.052216053009033,-0.24397782981395721,-5.0045744139575685,0.7791565950457164
222,-3.05241060256958,-0.15521763265132904,-5.017595881656693,0.7408430529841801
223,-3.0537049770355225,-0.06346048414707184,-5.015323108607162,0.7227525840110453
224,-3.0539233684539795,0.006199188996106386,-5.011008915082878,0.7059770799841575
225,-3.053638458251953,0.03359518200159073,-4.987387755170015,0.6938706749046355
226,-3.0517847537994385,0.058652542531490326,-4.9447646352285854,0.6943837134318541
227,-3.0526950359344482,0.08442670106887817,-4.888991527208091,0.7044111833831191
228,-3.053039789199829,0.11105130612850189,-4.823099612661463,0.7224130456537995
229,-3.0511415004730225,0.13936981558799744,-4.757272556436147,0.7425811567399485
230,-3.0504119396209717,0.16477666795253754,-4.688636538278436,0.7841013192216707
231,-3.049682378768921,0.19164244830608368,-4.628402832889825,0.8282060741021862
232,-3.0501949787139893,0.21996696293354034,-4.574781527663387,0.8770372306545559
233,-3.049330949783325,0.24677078425884247,-4.523938652843848,0.9436297230187123
234,-3.044879198074341,0.2765541076660156,-4.478647954412166,1.0170282818417093
235,-3.0425477027893066,0.3055063486099243,-4.435806787338053,1.087529445562787
236,-3.041837692260742,0.3337465822696686,-4.399157138035279,1.153592479211428
237,-3.0405218601226807,0.3653761148452759,-4.362088122910133,1.2143497479013152
238,-3.039949655532837,0.39627155661582947,-4.328053838262085,1.2608160298771793
239,-3.03743052482605,0.4281037151813507,-4.303602892148913,1.3113504976457548
240,-3.03450608253479,0.4628959894180298,-4.275739208944725,1.3479330485094048
241,-3.0310914516448975,0.4997583031654358,-4.251800343335554,1.3867933552030816
242,-3.0298030376434326,0.5139760971069336,-4.231576639354322,1.4276324920544072
243,-3.0280797481536865,0.51189124584198,-4.218955640307084,1.4586159631634381
244,-3.026200771331787,0.4870474338531494,-4.229579555685493,1.4873517288613625
245,-3.0231285095214844,0.4451743960380554,-4.244911727141311,1.5169428492439416
246,-3.0194637775421143,0.38336971402168274,-4.252259989360766,1.5293809487849448
247,-3.020315170288086,0.3009214699268341,-4.258607943807659,1.5357590892701076
248,-3.0180795192718506,0.2025417685508728,-4.273375108829621,1.5333455099906457
249,-3.015256643295288,0.08055589348077774,-4.292714707558639,1.5212299561059484
250,-3.019542932510376,-0.030107641592621803,-4.3109872425586255,1.5015986551073175
251,-3.0166943073272705,-0.1315622180700302,-4.33093135933386,1.485744777834599
252,-3.0170602798461914,-0.2524125874042511,-4.353233736219486,1.4658217405569285
253,-3.0192203521728516,-0.3947245478630066,-4.3864181230872195,1.441758759063889
254,-3.0240061283111572,-0.5617400407791138,-4.423103104089526,1.417609508513242
255,-3.025263547897339,-0.7466800808906555,-4.460059250612296,1.3927117150289936
256,-3.028092384338379,-0.9534671306610107,-4.505516109792951,1.3771341990616854
257,-3.0365805625915527,-1.1830326318740845,-4.555893502295053,1.3594195178104926
258,-3.0428812503814697,-1.4389235973358154,-4.606124222611184,1.3432857999029335
259,-3.050746202468872,-1.7151085138320923,-4.663073930138478,1.32955203553744
260,-3.0569820404052734,-1.6188899278640747,-4.711715175080068,1.3317817129438079
261,-3.065657377243042,-1.524618148803711,-4.753087291826901,1.4044090179681548
262,-3.072972297668457,-1.4397048950195312,-4.780609870573388,1.50857256940252
263,-3.079881191253662,-1.3580957651138306,-4.7882794028099545,1.6428228712814013
264,-3.0859527587890625,-1.2810829877853394,-4.789457887305476,1.79050920073447
265,-3.0949320793151855,-1.2116602659225464,-4.790394153877296,1.9390115977492495
266,-3.100325107574463,-1.142633080482483,-4.787026204769374,2.0877563318900645
267,-3.106605291366577,-1.080243706703186,-4.7785461304739325,2.2272128972309018
268,-3.110729932785034,-1.000191569328308,-4.759448671034207,2.357863565455299
269,-3.1149673461914062,-0.9015271663665771,-4.756533036545715,2.506896036477535
270,-3.117908477783203,-0.789094865322113,-4.755748165350729,2.6591223707687552
271,-3.1211979389190674,-0.6558884382247925,-4.753343450844941,2.8210416041090762
272,-3.1267945766448975,-0.5036896467208862,-4.753563233122503,2.9830683377414324
273,-3.1278584003448486,-0.3345526456832886,-4.759023671689381,3.1409865180347833
274,-3.1279120445251465,-0.14624238014221191,-4.759079323922437,3.3004113578449483
275,-3.1310715675354004,0.03174871951341629,-4.756430520801899,3.454643866160686
276,-3.128723621368408,0.20039035379886627,-4.7494326169639445,3.5959575437283497
277,-3.128781795501709,0.38867729902267456,-4.733050327010596,3.7281064038804637
278,-3.1245815753936768,0.597020149230957,-4.716473808517578,3.86251449884268
279,-3.120335817337036,0.5734259486198425,-4.695454360294119,3.9947962327545055
280,-3.119608163833618,0.5525292158126831,-4.668458766266822,4.079861298127655
281,-3.1169064044952393,0.5351341962814331,-4.63731462230467,4.135399459136312
282,-3.1140782833099365,0.5163114666938782,-4.610703116561774,4.163276980474928
283,-3.10874342918396,0.5033183693885803,-4.577740653202707,4.172446178598494
284,-3.1081368923187256,0.49171167612075806,-4.543756303688332,4.1767194749389525
285,-3.1057329177856445,0.4782731831073761,-4.508388377987762,4.180557324045098
286,-3.104020595550537,0.4693650007247925,-4.483230268317724,4.191978100622794
287,-3.101262331008911,0.4605119526386261,-4.463082870055287,4.202310301232908
288,-3.099682331085205,0.45314714312553406,-4.441325491950794,4.215577638513127
289,-3.0962135791778564,0.44748878479003906,-4.41862199837675,4.229153768111498
290,-3.094222068786621,0.44408318400382996,-4.39768349410812,4.241345197845712
291,-3.09196400642395,0.4431390166282654,-4.374289819464668,4.254038193060768
292,-3.0880467891693115,0.44186967611312866,-4.345802176114505,4.273632148866806
293,-3.088531970977783,0.4210887849330902,-4.323745995531268,4.293336315179383
294,-3.0863678455352783,0.38156673312187195,-4.30405580416876,4.30435928720475
295,-3.0839054584503174,0.3212784230709076,-4.279755691181934,4.318043019643813
296,-3.0817954540252686,0.24096859991550446,-4.252413715227243,4.316647356644887
297,-3.080482244491577,0.14237675070762634,-4.219640684356312,4.315133469694375
298,-3.081669330596924,0.022678155452013016,-4.179159290111895,4.295481552753258
299,-3.0812859535217285,0.03128552809357643,-4.134229234739977,4.268786652656271
300,-3.0793118476867676,0.03998087719082832,-4.0764075814522815,4.264873722283024
301,-3.081420421600342,0.04712497442960739,-4.035133772487769,4.26352571694116
302,-3.082386016845703,0.05583757907152176,-4.023540606545776,4.2898495711911355
303,-3.0802764892578125,0.0644439086318016,-4.018434560278544,4.324537960463206
304,-3.0816006660461426,0.07366369664669037,-4.01194103862752,4.359144655080257
305,-3.079261541366577,0.08321443200111389,-4.001309838989924,4.387779714334665
306,-3.0786468982696533,0.09103814512491226,-3.9947411644430866,4.407747701716897
307,-3.0780320167541504,0.10185499489307404,-3.979711692050081,4.414758702925787
308,-3.0775177478790283,0.11250460892915726,-3.9581594356039096,4.416364302168399
309,-3.076002836227417,0.12059039622545242,-3.9382618284845923,4.417279078721431
310,-3.0760927200317383,0.10789398103952408,-3.919555151015959,4.408758049370633
311,-3.0763440132141113,0.07766624540090561,-3.903770389036927,4.38707788114415
312,-3.0747580528259277,0.026296138763427734,-3.8901225287969736,4.358650762097072
313,-3.075655460357666,-0.008275650441646576,-3.871181283607226,4.319142883440631
314,-3.076427936553955,-0.041572436690330505,-3.8564907180757384,4.276721612091797
315,-3.077183723449707,0.0055487314239144325,-3.842980982965229,4.232126770685882
316,-3.0785810947418213,0.01629931665956974,-3.827370668700155,4.19520221355738
317,-3.076802968978882,0.028805119916796684,-3.82138290531024,4.1752952104947045
318,-3.0766818523406982,0.02060650661587715,-3.8133346835074584,4.1788619832137215
319,-3.0758135318756104,-0.0007242867723107338,-3.806204507185612,4.193195742289185
320,-3.075424909591675,0.00035847030812874436,-3.7975823469765944,4.208547417645184
321,-3.0767290592193604,-0.012901761569082737,-3.771917237691821,4.226413695941649
322,-3.075554609298706,-0.046443890780210495,-3.7380513537296736,4.23255554600908
323,-3.078277111053467,-0.100553497672081,-3.701207448943121,4.220137696996136
324,-3.0780093669891357,-0.025775615125894547,-3.6742185178092477,4.202894175549017
325,-3.076909065246582,0.008118155412375927,-3.655201659749242,4.205372958292775
326,-3.0793018341064453,0.01808100752532482,-3.6412828168238556,4.216771013018066
327,-3.077960729598999,0.03184914588928223,-3.6463908707006047,4.255773781770873
328,-3.0763790607452393,0.04239928349852562,-3.653765622829097,4.303981903958317
329,-3.077126979827881,0.05285963788628578,-3.6635988758168345,4.366906216215764
330,-3.074306011199951,0.06279575079679489,-3.6652073623220502,4.434058609596723
331,-3.074434518814087,0.07231543958187103,-3.662957145341534,4.50425154135481
332,-3.0754172801971436,0.08624526858329773,-3.6605512395211792,4.576434473749242
333,-3.0745322704315186,0.09807836264371872,-3.6594097996007378,4.645969585173006
334,-3.075485944747925,0.11065758019685745,-3.667018058044878,4.716450810505223
335,-3.0739991664886475,0.12197746336460114,-3.676287294794793,4.783501124023154
336,-3.0746331214904785,0.13498419523239136,-3.684532758339427,4.854489525712725
337,-3.072359800338745,0.12653304636478424,-3.695211198973062,4.912817138374569
338,-3.0729286670684814,0.09991474449634552,-3.7035834191574075,4.957711620461783
339,-3.0710031986236572,0.04668029770255089,-3.71141829007426,4.996663558042842
340,-3.070189952850342,-0.003324724966660142,-3.7251461697820454,5.020762681443306
341,-3.072856903076172,-0.03419148176908493,-3.7403469348146414,5.04056616613008
342,-3.070405960083008,0.008006221614778042,-3.759966833117327,5.062105748303647
343,-3.0716991424560547,0.02419568970799446,-3.779209171308487,5.10179588605377
344,-3.0719516277313232,0.03685102239251137,-3.7944856550632013,5.150875364178795
345,-3.0711114406585693,0.0511157363653183,-3.806753111096933,5.20871461083692
346,-3.071286916732788,0.06766369193792343,-3.810857696079673,5.266664771192374
347,-3.070582866668701,0.08124766498804092,-3.8166806926626857,5.322559808851906
348,-3.069875955581665,0.09805699437856674,-3.8226266770780595,5.377388882522699
349,-3.0715818405151367,0.11076818406581879,-3.8247984999634714,5.432811544444083
350,-3.071716070175171,0.12790954113006592,-3.8173372709880966,5.485825243191402
351,-3.068364381790161,0.14293748140335083,-3.8080721242424658,5.541633846982986
352,-3.069288730621338,0.158289834856987,-3.801724852332264,5.596368275568374
353,-3.0670742988586426,0.17427991330623627,-3.7896300909941187,5.652132995859714
354,-3.0668652057647705,0.1697845309972763,-3.780058123972516,5.703981580716891
355,-3.065802812576294,0.14361001551151276,-3.763470604584406,5.74384326772018
356,-3.064417839050293,0.10178156197071075,-3.743628702487405,5.7769415924553185
357,-3.0648698806762695,0.03456725552678108,-3.721331695451276,5.805484493429252
358,-3.0634701251983643,-0.016210922971367836,-3.6901024273481258,5.826684222028987
359,-3.0637240409851074,0.014095530845224857,-3.6627060820291306,5.845619526124091
360,-3.0657737255096436,0.03609958663582802,-3.641305039776001,5.889136274330912
361,-3.0624592304229736,0.05637740343809128,-3.6218247584250327,5.9477418231525405
362,-3.065178394317627,0.07409553229808807,-3.603610549997666,6.008891281855794
363,-3.061368942260742,0.0923294946551323,-3.583796627434055,6.068717057145738
364,-3.0626511573791504,0.11306607723236084,-3.567346523005639,6.128706104547257
365,-3.061098098754883,0.1318519413471222,-3.548130074528125,6.179378317136746
366,-3.061532974243164,0.15449008345603943,-3.527626355810958,6.22807022726287
367,-3.060774803161621,0.1750640571117401,-3.4960298741344245,6.273377203997513
368,-3.060537338256836,0.19422294199466705,-3.4603951978982304,6.320053813268656
369,-3.059044599533081,0.21697764098644257,-3.4236877034409945,6.361819521184393
370,-3.056847095489502,0.23740707337856293,-3.389473466782284,6.400362904916408
371,-3.055807590484619,0.26014620065689087,-3.352965281753983,6.43893842300255
372,-3.053805351257324,0.2833057940006256,-3.3194019608984675,6.472657866640201
373,-3.0528554916381836,0.2858526110649109,-3.2846147654443683,6.510546817806022
374,-3.052090883255005,0.26782190799713135,-3.252908055414872,6.550134062628765
375,-3.0502703189849854,0.2308652549982071,-3.2228905024184944,6.585329492747465
376,-3.049107789993286,0.1756853610277176,-3.1916292862995053,6.610314460745748
377,-3.0486693382263184,0.10058616101741791,-3.166963380078795,6.63315349188753
378,-3.048929214477539,-0.0007773441611789167,-3.1392619581526446,6.643842825520162
379,-3.05000376701355,-0.05960517004132271,-3.1106397520692615,6.63730121598179
380,-3.048813819885254,-0.13675956428050995,-3.0846972724204664,6.616769112931242
381,-3.051255226135254,-0.04765963554382324,-3.0641293959288407,6.588420194559944
382,-3.0506999492645264,0.013936229050159454,-3.0473446033166605,6.5886323516654
383,-3.0497865676879883,0.043310921639204025,-3.02776890902393,6.606535148271075
384,-3.0497729778289795,0.0710827186703682,-3.0115104772939154,6.640120989321061
385,-3.04923939704895,0.09894585609436035,-2.9864337619302557,6.684743585619247
386,-3.049071788787842,0.12664198875427246,-2.9576194404952396,6.736260381621966
387,-3.046534538269043,0.1560463011264801,-2.925129626860144,6.789202955550829
388,-3.046302556991577,0.1839713603258133,-2.889445846908521,6.838449163142147
389,-3.046279191970825,0.2154085636138916,-2.849779604363664,6.887288926456791
390,-3.0464916229248047,0.24570780992507935,-2.8118889940475693,6.940831644425383
391,-3.0430970191955566,0.27771061658859253,-2.7837321550802088,7.0000944861882415
392,-3.0422956943511963,0.30685725808143616,-2.7545883880153528,7.060935639679464
393,-3.0399224758148193,0.3362622559070587,-2.7298216954275656,7.126584142357346
394,-3.036574363708496,0.3718806803226471,-2.7036194976557897,7.187654067252278
395,-3.037365674972534,0.40717703104019165,-2.6737879321506575,7.240153616333575
396,-3.034517765045166,0.44015631079673767,-2.6462205379246906,7.290804755174073
397,-3.0307350158691406,0.47684305906295776,-2.6114049780213477,7.329620878046439
398,-3.0319814682006836,0.5158810615539551,-2.5750218059639414,7.36292932131709
399,-3.0277326107025146,0.5531332492828369,-2.5455684703239196,7.401241124544686
400,-3.024298667907715,0.5939886569976807,-2.5127497037512767,7.443017563444877
401,-3.0222225189208984,0.6131078600883484,-2.482007442733432,7.488025640144307
402,-3.0190839767456055,0.6152987480163574,-2.4505101038332806,7.529391239825386
403,-3.0146420001983643,0.5966969132423401,-2.4187198747618948,7.570182720850874
404,-3.011272668838501,0.5621873140335083,-2.3845547610644062,7.5995590750463125
405,-3.0104968547821045,0.5057263970375061,-2.3524820691922574,7.621876529069351
406,-3.0077366828918457,0.43144702911376953,-2.320357571495388,7.640294072320729
407,-3.006333112716675,0.33877092599868774,-2.288530652244848,7.655368353559844
408,-3.0034823417663574,0.22377261519432068,-2.2567585296152104,7.665234023705251
409,-3.0030345916748047,0.0914945900440216,-2.23160775644134,7.680805164174347
410,-3.0044326782226562,-0.03140316531062126,-2.207235483279461,7.694891623501272
411,-3.002228021621704,-0.14624479413032532,-2.1851719200101543,7.7099358067095904
412,-3.0046136379241943,-0.28169482946395874,-2.161742736879217,7.723766868606535
413,-3.0057291984558105,-0.43504956364631653,-2.139638849825099,7.739251384760176
414,-3.007714033126831,-0.31607940793037415,-2.122517429053253,7.753941258696493
415,-3.007751226425171,-0.19894132018089294,-2.1193525793519883,7.813768865212453
416,-3.010652780532837,-0.08239014446735382,-2.118882633798559,7.897400402910958
417,-3.0094988346099854,0.01519196666777134,-2.1171274046524258,7.994313398058104
418,-3.0106189250946045,0.06955277919769287,-2.114389826464019,8.108634613704396
419,-3.009648084640503,0.12169685959815979,-2.1042942179907556,8.224802320466623
420,-3.008998394012451,0.1775166541337967,-2.0843207632025087,8.342010002457972
421,-3.0062918663024902,0.22912466526031494,-2.0493796552952346,8.454209017599382
422,-3.0066206455230713,0.28327322006225586,-1.9971258714147435,8.555109324273474
423,-3.005730628967285,0.31743502616882324,-1.9533282384837802,8.662749128678279
424,-3.002995491027832,0.3303217589855194,-1.9214175615435218,8.772317741470882
425,-3.004014015197754,0.3247981667518616,-1.8862582910288093,8.883678626439542
426,-2.9995691776275635,0.2963228225708008,-1.8596130050706108,8.994484034633453
427,-2.9989120960235596,0.25171753764152527,-1.8326874272370626,9.097984550401803
428,-2.997985601425171,0.18583011627197266,-1.8047273918964306,9.197747870817356
429,-2.995478391647339,0.09718731045722961,-1.775673979979022,9.288281914661601
430,-2.9966578483581543,-0.003375092288479209,-1.7462459718021597,9.370523083020204
431,-2.9971139430999756,-0.0718485414981842,-1.7180123767644557,9.44868542250049
432,-2.9978675842285156,-0.15670883655548096,-1.6952135818742475,9.526841374664434
433,-2.9984357357025146,-0.26562365889549255,-1.675129594649514,9.603785816995897
434,-2.9993724822998047,-0.394479364156723,-1.6550111997966372,9.677148000345316
435,-3.003016710281372,-0.546837568283081,-1.6332018695993988,9.748225004074438
436,-3.004640817642212,-0.7191643714904785,-1.6157493519087018,9.819793230519865
437,-3.0083014965057373,-0.9142389893531799,-1.5907911636838057,9.882276495653842
438,-3.0162370204925537,-1.1292273998260498,-1.5673978046713526,9.94643609438236
439,-3.019913911819458,-1.3721457719802856,-1.5433212123206457,10.016680285819083
440,-3.028188943862915,-1.6371723413467407,-1.5132877161096165,10.090849585697446
441,-3.037513017654419,-1.5258641242980957,-1.4831688879030283,10.167702159082145
442,-3.0435235500335693,-1.4191101789474487,-1.46925070703291,10.295313255816751
443,-3.051079273223877,-1.321987271308899,-1.4586226396480717,10.446065790110787
444,-3.0552773475646973,-1.2256083488464355,-1.4466775008759138,10.613624496389184
445,-3.063601016998291,-1.136478304862976,-1.428590530233075,10.79271113668266
446,-3.067539930343628,-1.049872875213623,-1.412935200058936,10.988323346535639
447,-3.072688341140747,-0.9658562541007996,-1.3931823174513704,11.182899888203083
448,-3.0768349170684814,-0.8884389400482178,-1.3674868421549156,11.374271154401013
449,-3.083918571472168,-0.8116430044174194,-1.3219738548178455,11.560075141915314
450,-3.086643695831299,-0.7396136522293091,-1.2779451838441447,11.745934256657598
451,-3.090610980987549,-0.6718757152557373,-1.2441936006446896,11.933146354429445
452,-3.0920190811157227,-0.6028183102607727,-1.2019214431293088,12.120413447580999
453,-3.093289852142334,-0.5409973859786987,-1.170331193240443,12.309634502840908
454,-3.098705291748047,-0.4773310422897339,-1.1328311724375144,12.48908401888169
455,-3.1009747982025146,-0.41590553522109985,-1.0900624888677715,12.661476151005212
456,-3.103101968765259,-0.35855308175086975,-1.0441644124650817,12.829511444841595
457,-3.10483980178833,-0.30038967728614807,-0.9909854448391531,12.988283386652967
458,-3.106194496154785,-0.24506746232509613,-0.9335055737344018,13.148487215360472
459,-3.107405662536621,-0.18980920314788818,-0.8802154270133523,13.306154092845214
460,-3.1075034141540527,-0.13764646649360657,-0.827275376657682,13.457588824754295
461,-3.1079280376434326,-0.08555072546005249,-0.7704895396300333,13.598590944852523
462,-3.108484983444214,-0.031424738466739655,-0.7034283046087357,13.730328877886677
463,-3.1086320877075195,0.00268022483214736,-0.6362237885101367,13.859719926308705
464,-3.1086480617523193,-0.00011177426495123655,-0.5589386418397524,13.970653080829482
465,-3.107527732849121,0.00039277851465158165,-0.4775361426644386,14.075591240868558
466,-3.1096532344818115,0.0006467629573307931,-0.3879936200809062,14.168518418769185
467,-3.107656240463257,-6.654105527559295e-05,-0.28386153952290827,14.257061626938022
468,-3.1094350814819336,0.002249434357509017,-0.17827490814449104,14.346180968111065
469,-3.1075775623321533,-0.0011495923390612006,-0.07622605377209313,14.432011442009422
470,-3.107902765274048,0.002171370666474104,0.02944918523579647,14.514439615168765
471,-3.109715700149536,0.0016148998402059078,0.13391562679908314,14.596500752035295
472,-3.10909104347229,0.0013192340265959501,0.23624640893920795,14.68455193174838
473,-3.109583854675293,2.3255102860275656e-05,0.33664589887942054,14.780623192869978
474,-3.1076889038085938,-0.0002923178253695369,0.43946301450210723,14.876600651270138
475,-3.105478048324585,-0.0005096752429381013,0.546808026180734,14.971897948378581
476,-3.10796856880188,0.00016215667710639536,0.6600414728876648,15.06813399054199
477,-3.107980966567993,-0.0005254169227555394,0.7826008456524518,15.145915508260018
478,-3.1077418327331543,0.0012962828623130918,0.8985144922404703,15.230460446845429
479,-3.1067986488342285,0.001803347491659224,1.0207036067474726,15.304676977705194
480,-3.1086909770965576,0.00015161163173615932,1.1387671623435491,15.379210632961481
481,-3.1075921058654785,-4.112417082069442e-05,1.2400249299555466,15.468382698793974
482,-3.108187675476074,0.0013856731820851564,1.3459686862628277,15.556070695113785
483,-3.107755184173584,0.0024429666809737682,1.4431506799803893,15.657198674455978
484,-3.109773635864258,0.0010418673045933247,1.547122843397898,15.755977659613675
485,-3.1079492568969727,0.0009710974991321564,1.6521254342535048,15.853120788596687
486,-3.1090636253356934,0.002195662120357156,1.7560294367716784,15.944097959837157
487,-3.107123374938965,0.0008397594792768359,1.8616836670722847,16.031198909045706
488,-3.108567953109741,0.0015830897027626634,1.9680565044780802,16.11316835276317
489,-3.108922004699707,8.309828263008967e-05,2.0817258760874005,16.18697101189354
490,-3.111065149307251,-0.00035274127731099725,2.20316244930757,16.260158261884115
491,-3.1060712337493896,0.0006562538910657167,2.3261164301070334,16.326539562614315
492,-3.107914924621582,0.0003656004264485091,2.449640286525899,16.38467171753613
493,-3.108912467956543,0.0009623524965718389,2.5767709430616312,16.434258005773305
494,-3.107287645339966,0.0013780436711385846,2.7115068440137002,16.476756145496157
495,-3.107764959335327,0.0014262320473790169,2.846014905573774,16.517791663025424
496,-3.1075682640075684,0.0016198018565773964,2.980189783971071,16.553970194155646
497,-3.1082353591918945,0.0021319324150681496,3.12454933569535,16.58674560782005
498,-3.107478380203247,0.000209015779546462,3.2683962410893233,16.621565057938074
499,-3.107367515563965,0.0022960850037634373,3.407805005106072,16.65712623516647
500,-3.108316659927368,0.0011034240014851093,3.5481689455115624,16.698660344265527
501,-3.109280824661255,0.0018485381733626127,3.682838517763759,16.749861407603493
502,-3.1083695888519287,0.0015526580391451716,3.820322240614056,16.808089885013743
503,-3.1067235469818115,0.0033952638041228056,3.9518607379510255,16.87496259890775
504,-3.1073522567749023,0.001833776943385601,4.0863129251258075,16.938047517011693
505,-3.110133409500122,0.001420492772012949,4.212862397214361,17.012362142986674
506,-3.108459949493408,0.0016431560507044196,4.328480089700952,17.089041833985668
507,-3.106904983520508,0.001491261413320899,4.4395062364460705,17.162976165591484
508,-3.1088948249816895,0.00034760459675453603,4.527837144000952,17.248470455692946
509,-3.108130931854248,0.0020064408890902996,4.6245994870584095,17.32813428330778
510,-3.1079354286193848,0.0007543412502855062,4.724452473469843,17.41507036357567
511,-3.105634927749634,0.0020922275725752115,4.83599819503063,17.495364645683242
512,-3.10833740234375,0.000802835333161056,4.962060086509257,17.568503961501627
513,-3.110084295272827,0.003932718187570572,5.075044554245519,17.639474856670486
514,-3.1077194213867188,0.002309824340045452,5.1800803094510615,17.714885727787607
515,-3.1065127849578857,0.00226030545309186,5.284409089708507,17.78955518676523
516,-3.108696460723877,0.0007176107028499246,5.3907069916959465,17.86103835642467
517,-3.108879327774048,-0.00079108658246696,5.499598271944561,17.932290088415325
518,-3.1090333461761475,0.0012476396514102817,5.6103153620525985,18.00625086292481
519,-3.1074366569519043,0.0016739147249609232,5.721073922994691,18.078470537038022
520,-3.1089301109313965,-0.000745725876186043,5.830424146113733,18.145209410284984
521,-3.1075267791748047,0.0010427853558212519,5.937154285509686,18.206503579792916
522,-3.108381509780884,0.0006879603024572134,6.042566480721621,18.265887692667448
523,-3.1076111793518066,0.0016528471605852246,6.149112037569192,18.32396489615898
524,-3.108994483947754,0.00012158053868915886,6.254766414137823,18.379119276144134
525,-3.107346773147583,0.0012099198065698147,6.359643868849461,18.43670512507109
526,-3.1072518825531006,-0.0006031552911736071,6.463470895895255,18.489887926553617
527,-3.108027696609497,0.0015989093808457255,6.569186905190346,18.549822842914107
528,-3.1079158782958984,-0.0003167755203321576,6.66679375363035,18.62149692887306
529,-3.106774091720581,0.002402754034847021,6.76266834985828,18.697710169981292
530,-3.10713529586792,0.0016408009687438607,6.859461532373919,18.777785261659673
531,-3.1097350120544434,0.00039627126534469426,6.955500618542677,18.85784130858749
532,-3.1076138019561768,0.00226517952978611,7.047386416462425,18.944664849029344
533,-3.107564926147461,7.285279934876598e-06,7.136964228131405,19.033190418829196
534,-3.1076090335845947,0.000426628248533234,7.22785720489194,19.12325604970839
535,-3.109015941619873,0.002074609510600567,7.316597547440175,19.217402853435203
536,-3.1075780391693115,0.0012843356234952807,7.4114925559159355,19.305569429686905
537,-3.106523036956787,-0.0008193304529413581,7.510185944827159,19.390474006412024
538,-3.1097965240478516,0.00247592362575233,7.6146572286318825,19.46899113494553
539,-3.1083226203918457,0.0009874919196590781,7.729954139944495,19.536855948495703
540,-3.108522415161133,-0.0008301721536554396,7.832771632784718,19.606320931287964
541,-3.1099679470062256,0.0014420152874663472,7.92569046787205,19.684032569421227
542,-3.1095218658447266,0.0005903858109377325,8.018219706529118,19.75943879654917
543,-3.1081433296203613,7.540234946645796e-05,8.110421220130211,19.83220114350483
544,-3.108673572540283,0.00030986571800895035,8.20212324382487,19.901793345230864
545,-3.1092069149017334,0.0007352345855906606,8.293384107761533,19.967861711409665
546,-3.1081011295318604,0.0013527575647458434,8.384265760297659,20.03013179253578
547,-3.107102155685425,-0.0001411687262589112,8.474846601094285,20.088314621143905
548,-3.105614185333252,0.00040277448715642095,8.565076321649363,20.142206934808733
549,-3.1076600551605225,0.0008390982402488589,8.654855629069326,20.19163478537102
550,-3.108499765396118,-0.00019662175327539444,8.74375181634832,20.236539405125455
551,-3.1089680194854736,0.0021296285558491945,8.831460130208507,20.276672223452653
552,-3.1075947284698486,0.001538455835543573,8.91783708941634,20.31176023019081
553,-3.107344388961792,0.0005807318957522511,9.002934118729847,20.34155963055798
554,-3.1076698303222656,0.0017032437026500702,9.087011575232324,20.36535156213183
555,-3.1091463565826416,0.0002921531558968127,9.17005254572117,20.382570095499513
556,-3.107340097427368,0.000541948713362217,9.251354581858724,20.392421159786217
557,-3.108391523361206,0.0017369267297908664,9.33064308467511,20.394656466381356
558,-3.1077136993408203,-0.0016691783675923944,9.407566572107877,20.38910499342486
559,-3.109253406524658,0.0009300459059886634,9.48252653448716,20.374803820015895
560,-3.109952449798584,0.0017492774641141295,9.555132836500501,20.351012438640623
561,-3.1078484058380127,0.0023447207640856504,9.625246946932231,20.317382381638033
562,-3.107069730758667,0.00040573193109594285,9.692903369639456,20.273659874044395
563,-3.108921766281128,0.002359542064368725,9.758119033221412,20.219741451589808
564,-3.1089911460876465,-0.00013033158029429615,9.820799856545191,20.15554189267795
565,-3.105609178543091,0.0006124030333012342,9.880935069665211,20.080833162057964
566,-3.1085095405578613,0.0003718494263011962,9.93877252759785,19.995347314739213
567,-3.109361171722412,0.0015158015303313732,9.994276833481221,19.898810897403198
568,-3.107069969177246,-0.0005726946983486414,10.047490074014744,19.791042940970126
569,-3.108421802520752,0.0020631144288927317,10.098446368139673,19.67190579584284
570,-3.108591318130493,0.00013851055700797588,10.147323616265169,19.5407828955467
571,-3.1066110134124756,0.001426052418537438,10.194268856247266,19.397260133955378
572,-3.107499599456787,0.0015231540892273188,10.23883606299158,19.242151044213784
573,-3.107051134109497,-0.0006931288517080247,10.280979015802421,19.075308278551777
574,-3.1068315505981445,0.0016610280144959688,10.320611562813465,18.896624776171564
575,-3.1082592010498047,0.0007435197476297617,10.35766124746445,18.70595702755273
576,-3.1099367141723633,0.0015931017696857452,10.39205336528653,18.50311413104558
577,-3.1075119972229004,0.000881308107636869,10.423772350282595,18.28797408304803
578,-3.107720375061035,0.002159495372325182,10.452781473781902,18.06047009508483
579,-3.1074647903442383,0.0018003893783316016,10.47882002457857,17.82054796286591
580,-3.109039783477783,0.0003525764332152903,10.501804914736462,17.56814344698263
581,-3.1086645126342773,0.0018883318407461047,10.521689453962555,17.303284953412952
582,-3.1071784496307373,0.0018083916511386633,10.538426867282329,17.025852969022175
583,-3.107372760772705,0.0018897464033216238,10.551951132966307,16.73609926541277
584,-3.108712911605835,0.0016253339126706123,10.562183867712376,16.436666873068145
585,-3.1092281341552734,0.00019926275126636028,10.569016294300338,16.127577063509705
586,-3.1068389415740967,0.0005243602790869772,10.572332737817906,15.808893094608939
587,-3.1084859371185303,0.00014178003766573966,10.571940532483774,15.480719653894724
588,-3.107231378555298,-3.3023388823494315e-05,10.567802449236595,15.143130605699634
589,-3.108438014984131,0.0026027450803667307,10.559874599970755,14.796149389716673
590,-3.1084392070770264,-0.0003390626807231456,10.54807433555419,14.439861472926454
591,-3.1082022190093994,0.0014135794481262565,10.532325065430378,14.07455144250165
592,-3.1072752475738525,0.0010319652501493692,10.512552070696128,13.700657151907558
593,-3.1077356338500977,0.00012508954387158155,10.488725157589602,13.318209395040862
594,-3.1083896160125732,-0.00014491795445792377,10.46179443700691,12.92650325243411
595,-3.1070144176483154,0.0005772974109277129,10.432163701074993,12.525283377931649
596,-3.108278274536133,0.0026406601537019014,10.399838554168678,12.114735706898227
597,-3.1062991619110107,0.0016084660310298204,10.36487391608194,11.695301110659615
598,-3.108008623123169,0.0009535608696751297,10.3275554097747,11.266629898295825
599,-3.1098885536193848,-0.0001360727910650894,10.28817676453475,10.828472114780594
