t,theta,omega,u
0.005,-0.00040758910472504795,-0.0004915879690088332,0.0
0.01,-0.0013495818711817265,-0.0006708518485538661,0.0
0.015,-0.0020775706507265568,0.0008905872819013894,0.0
0.02,6.320107786450535e-05,-0.0005567243206314743,0.0
0.025,-0.0011262305779382586,0.0003126295341644436,0.0
0.030000000000000002,-0.0005844609113410115,7.821046892786399e-05,0.0
0.035,-0.0017950787441805005,0.00032857677433639765,0.0
0.04,-0.0017936286749318242,0.001853328780271113,0.0
0.045,-0.0009057815768755972,-3.579939584597014e-05,0.0
0.049999999999999996,-0.0010944383684545755,0.0005813478492200375,0.0
0.05499999999999999,-0.00059110316215083,9.053530084202066e-05,0.0
0.05999999999999999,0.0008336338796652853,0.002031576121225953,0.0
0.06499999999999999,-0.0026021464727818966,-0.3673965632915497,-2.8499999999999996
0.06999999999999999,-0.005736303050071001,-0.7333119511604309,-2.8499999999999996
0.075,-0.00802138727158308,-1.0945419073104858,-2.8499999999999996
0.08,-0.013983232900500298,-1.4482030868530273,-2.8499999999999996
0.085,-0.02167818509042263,-1.7948341369628906,-2.8499999999999996
0.09000000000000001,-0.033254243433475494,-2.1354072093963623,-2.8499999999999996
0.09500000000000001,-0.044117946177721024,-2.4653682708740234,-2.8499999999999996
0.10000000000000002,-0.057417500764131546,-2.7836718559265137,-2.8499999999999996
0.10500000000000002,-0.07322073727846146,-3.0962555408477783,-2.8499999999999996
0.11000000000000003,-0.08933276683092117,-3.3912813663482666,-2.8499999999999996
0.11500000000000003,-0.10570118576288223,-3.6766157150268555,-2.8499999999999996
0.12000000000000004,-0.12454527616500854,-3.9469592571258545,-2.8499999999999996
0.12500000000000003,-0.1467360109090805,-4.204766750335693,-2.8499999999999996
0.13000000000000003,-0.16739031672477722,-4.443700313568115,-2.8499999999999996
0.13500000000000004,-0.19061218202114105,-4.669449329376221,-2.8499999999999996
0.14000000000000004,-0.21359342336654663,-4.88074254989624,-2.8499999999999996
0.14500000000000005,-0.23976187407970428,-5.073294162750244,-2.8499999999999996
0.15000000000000005,-0.26530733704566956,-5.250295639038086,-2.8499999999999996
0.15500000000000005,-0.29207566380500793,-5.407415390014648,-2.8499999999999996
0.16000000000000006,-0.31884831190109253,-5.548264503479004,-2.8499999999999996
0.16500000000000006,-0.346526175737381,-5.671755313873291,-2.8499999999999996
0.17000000000000007,-0.3749222159385681,-5.776774883270264,-2.8499999999999996
0.17500000000000007,-0.40603211522102356,-5.864914417266846,-2.8499999999999996
0.18000000000000008,-0.43289074301719666,-5.931811332702637,-2.8499999999999996
0.18500000000000008,-0.46266263723373413,-5.985097885131836,-2.8499999999999996
0.19000000000000009,-0.49421730637550354,-6.017582893371582,-2.8499999999999996
0.1950000000000001,-0.5239679217338562,-6.035447597503662,-2.8499999999999996
0.2000000000000001,-0.554421603679657,-6.035492420196533,-2.8499999999999996
0.2050000000000001,-0.5840439200401306,-6.019735813140869,-2.8499999999999996
0.2100000000000001,-0.6131861805915833,-5.985553741455078,-2.8499999999999996
0.2150000000000001,-0.644434928894043,-5.9395527839660645,-2.8499999999999996
0.2200000000000001,-0.6749099493026733,-5.8765411376953125,-2.8499999999999996
0.22500000000000012,-0.70469731092453,-5.797765254974365,-2.8499999999999996
0.23000000000000012,-0.7326719760894775,-5.710556507110596,-2.8499999999999996
0.23500000000000013,-0.7598373889923096,-5.606011867523193,-2.8499999999999996
0.24000000000000013,-0.7877981066703796,-5.488422393798828,-2.8499999999999996
0.24500000000000013,-0.8146644234657288,-5.362800598144531,-2.8499999999999996
0.2500000000000001,-0.8418289422988892,-5.2230048179626465,-2.8499999999999996
0.2550000000000001,-0.8683764338493347,-5.074148654937744,-2.8499999999999996
0.2600000000000001,-0.8918832540512085,-4.919262886047363,-2.8499999999999996
0.2650000000000001,-0.9161593914031982,-4.751453876495361,-2.8499999999999996
0.27000000000000013,-0.9392619132995605,-4.5759382247924805,-2.8499999999999996
0.27500000000000013,-0.9624468684196472,-4.392194747924805,-2.8499999999999996
0.28000000000000014,-0.9834587574005127,-4.202215194702148,-2.8499999999999996
0.28500000000000014,-1.0047516822814941,-4.006138324737549,-2.8499999999999996
0.29000000000000015,-1.0233303308486938,-3.8057003021240234,-2.8499999999999996
0.29500000000000015,-1.0397368669509888,-3.200319290161133,0.0
0.30000000000000016,-1.0554592609405518,-2.5915963649749756,0.0
0.30500000000000016,-1.0677217245101929,-1.9850549697875977,0.0
0.31000000000000016,-1.07602059841156,-1.3773514032363892,0.0
0.31500000000000017,-1.0820462703704834,-0.7748160362243652,0.0
0.3200000000000002,-1.0830875635147095,-0.174483060836792,0.0
0.3250000000000002,-1.0832442045211792,0.3766777813434601,0.0
0.3300000000000002,-1.0796042680740356,0.9089635610580444,0.0
0.3350000000000002,-1.0747119188308716,1.438055157661438,0.0
0.3400000000000002,-1.0662692785263062,1.959527611732483,0.0
0.3450000000000002,-1.0553627014160156,2.4747421741485596,0.0
0.3500000000000002,-1.0411407947540283,2.983560562133789,0.0
0.3550000000000002,-1.024469017982483,3.484114646911621,0.0
0.3600000000000002,-1.0071407556533813,3.9755802154541016,0.0
0.3650000000000002,-0.9837877154350281,4.455698013305664,0.0
0.3700000000000002,-0.9604995846748352,4.924731731414795,0.0
0.3750000000000002,-0.9357840418815613,5.385042190551758,0.0
0.3800000000000002,-0.9082889556884766,5.828124523162842,0.0
0.38500000000000023,-0.8743867874145508,6.657968044281006,2.8499999999999996
0.39000000000000024,-0.8407397270202637,7.46935510635376,2.8499999999999996
0.39500000000000024,-0.8023321032524109,8.25773811340332,2.8499999999999996
0.40000000000000024,-0.75992351770401,9.022098541259766,2.8499999999999996
0.40500000000000025,-0.7117039561271667,9.761992454528809,2.8499999999999996
0.41000000000000025,-0.6607452630996704,10.47301197052002,2.8499999999999996
0.41500000000000026,-0.6068177223205566,11.152053833007812,2.8499999999999996
0.42000000000000026,-0.5500351786613464,11.796955108642578,2.8499999999999996
0.42500000000000027,-0.48880141973495483,12.407879829406738,2.8499999999999996
0.43000000000000027,-0.4266398847103119,12.978368759155273,2.8499999999999996
0.4350000000000003,-0.35908353328704834,13.505023002624512,2.8499999999999996
0.4400000000000003,-0.2896808087825775,13.988996505737305,2.8499999999999996
0.4450000000000003,-0.2190569043159485,14.427717208862305,2.8499999999999996
0.4500000000000003,-0.14707772433757782,14.816404342651367,2.8499999999999996
0.4550000000000003,-0.06917283684015274,15.158822059631348,2.8499999999999996
0.4600000000000003,0.004823695868253708,15.448285102844238,2.8499999999999996
0.4650000000000003,0.08496878296136856,15.688706398010254,2.8499999999999996
0.4700000000000003,0.16058604419231415,15.871223449707031,2.8499999999999996
0.4750000000000003,0.24148035049438477,16.009248733520508,2.8499999999999996
0.4800000000000003,0.3221597969532013,16.0928955078125,2.8499999999999996
0.4850000000000003,0.40278834104537964,16.13007926940918,2.8499999999999996
0.4900000000000003,0.4838176965713501,16.116912841796875,2.8499999999999996
0.49500000000000033,0.5638639330863953,16.056968688964844,2.8499999999999996
0.5000000000000003,0.6442922353744507,15.957582473754883,2.8499999999999996
0.5050000000000003,0.7240297794342041,15.816768646240234,2.8499999999999996
0.5100000000000003,0.8022109866142273,15.637571334838867,2.8499999999999996
0.5150000000000003,0.879188597202301,15.426715850830078,2.8499999999999996
0.5200000000000004,0.9580194354057312,15.183653831481934,2.8499999999999996
0.5250000000000004,1.032108187675476,14.915276527404785,2.8499999999999996
0.5300000000000004,1.103598952293396,14.623466491699219,2.8499999999999996
0.5350000000000004,1.177642822265625,14.313051223754883,2.8499999999999996
0.5400000000000004,1.2476009130477905,13.988737106323242,2.8499999999999996
0.5450000000000004,1.3167169094085693,13.628110885620117,2.6999999999999997
0.5500000000000004,1.3861888647079468,13.240091323852539,2.55
0.5550000000000004,1.448749303817749,12.827322959899902,2.4
0.5600000000000004,1.5141592025756836,12.38617992401123,2.25
0.5650000000000004,1.5724769830703735,11.632811546325684,0.0
0.5700000000000004,1.6299978494644165,10.885594367980957,0.0
0.5750000000000004,1.6815959215164185,10.14636516571045,0.0
0.5800000000000004,1.7305972576141357,9.412357330322266,0.0
0.5850000000000004,1.7777892351150513,8.690832138061523,0.0
0.5900000000000004,1.8171188831329346,7.9778900146484375,0.0
0.5950000000000004,1.8562804460525513,7.276019096374512,0.0
0.6000000000000004,1.8907562494277954,6.585712432861328,0.0
0.6050000000000004,1.9203071594238281,5.908685684204102,0.0
0.6100000000000004,1.9501454830169678,5.241242408752441,0.0
0.6150000000000004,1.9733785390853882,4.5809855461120605,0.0
0.6200000000000004,1.996294617652893,3.935028553009033,0.0
0.6250000000000004,2.0136544704437256,3.2959322929382324,0.0
0.6300000000000004,2.0285909175872803,2.6670258045196533,0.0
0.6350000000000005,2.039985179901123,2.0468578338623047,0.0
0.6400000000000005,2.047597885131836,1.4319549798965454,0.0
0.6450000000000005,2.0552988052368164,0.8245436549186707,0.0
0.6500000000000005,2.055792808532715,0.2200137972831726,0.0
0.6550000000000005,2.0571727752685547,-0.33263012766838074,0.0
0.6600000000000005,2.0521397590637207,-0.8684036135673523,0.0
0.6650000000000005,2.0502331256866455,-1.3994626998901367,0.0
0.6700000000000005,2.038771629333496,-1.9306507110595703,0.0
0.6750000000000005,2.0292091369628906,-2.4616379737854004,0.0
0.6800000000000005,2.015129327774048,-2.9911558628082275,0.0
0.6850000000000005,2.000230073928833,-3.522622585296631,0.0
0.6900000000000005,1.9805699586868286,-4.054455757141113,0.0
0.6950000000000005,1.9583494663238525,-4.587902069091797,0.0
0.7000000000000005,1.9330517053604126,-5.123570442199707,0.0
0.7050000000000005,1.906786322593689,-5.659042835235596,0.0
0.7100000000000005,1.877150058746338,-6.202012538909912,0.0
0.7150000000000005,1.8446223735809326,-6.744234085083008,0.0
0.7200000000000005,1.8090870380401611,-7.287772178649902,0.0
0.7250000000000005,1.7716931104660034,-7.835829257965088,0.0
0.7300000000000005,1.7310926914215088,-8.381896018981934,0.0
0.7350000000000005,1.6881916522979736,-8.930493354797363,0.0
0.7400000000000005,1.6440409421920776,-9.480940818786621,0.0
0.7450000000000006,1.5934898853302002,-10.026106834411621,0.0
0.7500000000000006,1.5417674779891968,-10.569008827209473,0.0
0.7550000000000006,1.4851739406585693,-11.110286712646484,0.0
0.7600000000000006,1.4311412572860718,-11.622390747070312,0.15
0.7650000000000006,1.371755599975586,-12.104155540466309,0.3
0.7700000000000006,1.3094691038131714,-12.553731918334961,0.44999999999999996
0.7750000000000006,1.2457053661346436,-12.967628479003906,0.6
0.7800000000000006,1.179574966430664,-13.346967697143555,0.75
0.7850000000000006,1.1134772300720215,-14.21298885345459,-2.8499999999999996
0.7900000000000006,1.0387763977050781,-15.051857948303223,-2.8499999999999996
0.7950000000000006,0.959672212600708,-15.858972549438477,-2.8499999999999996
0.8000000000000006,0.8811013698577881,-16.633398056030273,-2.8499999999999996
0.8050000000000006,0.794087290763855,-17.369606018066406,-2.8499999999999996
0.8100000000000006,0.7053259611129761,-18.060779571533203,-2.8499999999999996
0.8150000000000006,0.6146242618560791,-18.702739715576172,-2.8499999999999996
0.8200000000000006,0.5190903544425964,-19.291908264160156,-2.8499999999999996
0.8250000000000006,0.4222123622894287,-19.82493782043457,-2.8499999999999996
0.8300000000000006,0.3212625980377197,-20.29347801208496,-2.8499999999999996
0.8350000000000006,0.2198229730129242,-20.698144912719727,-2.8499999999999996
0.8400000000000006,0.11596737056970596,-21.03556251525879,-2.8499999999999996
0.8450000000000006,0.008489242754876614,-21.3052921295166,-2.8499999999999996
0.8500000000000006,-0.09613731503486633,-21.504714965820312,-2.8499999999999996
0.8550000000000006,-0.20671366155147552,-21.633655548095703,-2.8499999999999996
0.8600000000000007,-0.3141464293003082,-21.69365119934082,-2.8499999999999996
0.8650000000000007,-0.42498669028282166,-21.688640594482422,-2.8499999999999996
0.8700000000000007,-0.5314964652061462,-21.619911193847656,-2.8499999999999996
0.8750000000000007,-0.6399067640304565,-21.490535736083984,-2.8499999999999996
0.8800000000000007,-0.7461321353912354,-21.30776596069336,-2.8499999999999996
0.8850000000000007,-0.8527219891548157,-21.076894760131836,-2.8499999999999996
0.8900000000000007,-0.9571362137794495,-20.80205726623535,-2.8499999999999996
0.8950000000000007,-1.0595990419387817,-20.49163055419922,-2.8499999999999996
0.9000000000000007,-1.1604875326156616,-20.151824951171875,-2.8499999999999996
0.9050000000000007,-1.2618260383605957,-19.78582000732422,-2.8499999999999996
0.9100000000000007,-1.359140157699585,-19.384510040283203,-2.6999999999999997
0.9150000000000007,-1.4557652473449707,-18.95009994506836,-2.55
0.9200000000000007,-1.5504072904586792,-18.490177154541016,-2.4
0.9250000000000007,-1.6407124996185303,-18.01227378845215,-2.25
0.9300000000000007,-1.7304868698120117,-17.521728515625,-2.1
0.9350000000000007,-1.815420389175415,-17.01952362060547,-1.9500000000000002
0.9400000000000007,-1.8976223468780518,-16.262487411499023,0.0
0.9450000000000007,-1.9782136678695679,-15.526517868041992,0.0
0.9500000000000007,-2.0548758506774902,-14.81661605834961,0.0
0.9550000000000007,-2.125485420227051,-14.130457878112793,0.0
0.9600000000000007,-2.1979222297668457,-13.475702285766602,0.0
0.9650000000000007,-2.2608466148376465,-12.847018241882324,0.0
0.9700000000000008,-2.3246662616729736,-12.252694129943848,0.0
0.9750000000000008,-2.3860504627227783,-11.686349868774414,0.0
0.9800000000000008,-2.4425208568573,-11.152860641479492,0.0
0.9850000000000008,-2.4963107109069824,-10.649621963500977,0.0
0.9900000000000008,-2.5462100505828857,-10.17614459991455,0.0
0.9950000000000008,-2.597369432449341,-9.732925415039062,0.0
1.0000000000000007,-2.6438255310058594,-9.318511962890625,0.0
1.0050000000000006,-2.689912796020508,-8.93505859375,0.0
1.0100000000000005,-2.734079360961914,-8.577949523925781,0.0
1.0150000000000003,-2.776836395263672,-8.250840187072754,0.0
1.0200000000000002,-2.8174357414245605,-7.950239181518555,0.0
1.0250000000000001,-2.856703281402588,-7.673517227172852,0.0
1.03,-2.8939573764801025,-7.40294885635376,0.15
1.035,-2.930016040802002,-7.134943008422852,0.3
1.0399999999999998,-2.9646825790405273,-6.873178482055664,0.44999999999999996
1.0449999999999997,-2.9975624084472656,-6.607657432556152,0.6
1.0499999999999996,-3.0311689376831055,-6.34997034072876,0.75
1.0549999999999995,-3.061710834503174,-6.088888645172119,0.9
1.0599999999999994,-3.0922389030456543,-5.8318352699279785,1.05
1.0649999999999993,-3.120818614959717,-5.571972846984863,1.2
1.0699999999999992,3.135845184326172,-5.310944080352783,1.3499999999999999
1.074999999999999,3.1098501682281494,-5.045790672302246,1.4999999999999998
1.079999999999999,3.0847301483154297,-4.7819905281066895,1.6499999999999997
1.0849999999999989,3.061408042907715,-4.511171817779541,1.7999999999999996
1.0899999999999987,3.0402162075042725,-4.234930515289307,1.9499999999999995
1.0949999999999986,3.0196588039398193,-3.9509966373443604,2.0999999999999996
1.0999999999999985,3.001704692840576,-3.664442539215088,2.2499999999999996
1.1049999999999984,2.9844071865081787,-3.3694887161254883,2.3999999999999995
1.1099999999999983,2.968139410018921,-3.0674173831939697,2.5499999999999994
1.1149999999999982,2.9523844718933105,-2.7525634765625,2.6999999999999993
1.119999999999998,2.939441442489624,-2.4305033683776855,2.849999999999999
1.124999999999998,2.927521228790283,-2.0952727794647217,2.999999999999999
1.129999999999998,2.9197442531585693,-1.7686759233474731,3.0
1.1349999999999978,2.9097399711608887,-1.4508119821548462,3.0
1.1399999999999977,2.9039885997772217,-1.138407588005066,3.0
1.1449999999999976,2.8986752033233643,-0.8322900533676147,3.0
1.1499999999999975,2.8970344066619873,-0.5312673449516296,3.0
1.1549999999999974,2.8933115005493164,-0.23591358959674835,3.0
1.1599999999999973,2.892852306365967,0.036773502826690674,3.0
1.1649999999999971,2.893373489379883,0.2688307464122772,3.0
1.169999999999997,2.894996166229248,0.5006453990936279,3.0
1.174999999999997,2.8989098072052,0.7320723533630371,3.0
1.1799999999999968,2.901967763900757,0.9674599766731262,3.0
1.1849999999999967,2.906801462173462,1.2018405199050903,3.0
1.1899999999999966,2.9154436588287354,1.4385982751846313,3.0
1.1949999999999965,2.924825668334961,1.6758983135223389,3.0
1.1999999999999964,2.9304752349853516,1.9193813800811768,3.0
1.2049999999999963,2.9417102336883545,2.164788007736206,3.0
1.2099999999999962,2.952195644378662,2.42060923576355,3.0
1.214999999999996,2.967763662338257,2.6771249771118164,3.0
1.219999999999996,2.978360891342163,2.9409570693969727,3.0
1.2249999999999959,2.9951207637786865,3.216750383377075,3.0
1.2299999999999958,3.0134851932525635,3.495607614517212,3.0
1.2349999999999957,3.0290329456329346,3.3662726879119873,0.0
1.2399999999999956,3.0483014583587646,3.24678111076355,0.0
1.2449999999999954,3.0644497871398926,3.14007306098938,0.0
1.2499999999999953,3.0785789489746094,3.0416834354400635,0.0
1.2549999999999952,3.093961238861084,2.9562294483184814,0.0
1.2599999999999951,3.106692314147949,2.878188133239746,0.0
1.264999999999995,3.1221368312835693,2.8129215240478516,0.0
1.269999999999995,3.13551664352417,2.7567193508148193,0.0
1.2749999999999948,-3.133775234222412,2.708418130874634,0.0
1.2799999999999947,-3.1217548847198486,2.6680843830108643,0.0
1.2849999999999946,-3.1070804595947266,2.638773202896118,0.0
1.2899999999999945,-3.0944478511810303,2.5944602489471436,-0.15
1.2949999999999944,-3.081763744354248,2.5380046367645264,-0.3
1.2999999999999943,-3.0703115463256836,2.472493886947632,-0.44999999999999996
1.3049999999999942,-3.0576183795928955,2.390570640563965,-0.6
1.309999999999994,-3.043487548828125,2.30072021484375,-0.75
1.314999999999994,-3.034456253051758,2.191631555557251,-0.9
1.3199999999999938,-3.023887872695923,2.0717082023620605,-1.05
1.3249999999999937,-3.0147016048431396,1.9367942810058594,-1.2
1.3299999999999936,-3.003890037536621,1.9806784391403198,0.0
1.3349999999999935,-2.993825912475586,2.0279152393341064,0.0
1.3399999999999934,-2.9833121299743652,2.0844979286193848,0.0
1.3449999999999933,-2.9726712703704834,2.1213550567626953,-0.15
1.3499999999999932,-2.9633123874664307,2.146206855773926,-0.3
1.354999999999993,-2.9501354694366455,2.1577394008636475,-0.44999999999999996
1.359999999999993,-2.9402692317962646,2.1531829833984375,-0.6
1.3649999999999929,-2.9305551052093506,2.1347453594207764,-0.75
1.3699999999999928,-2.9181363582611084,2.1011805534362793,-0.9
1.3749999999999927,-2.9084057807922363,2.055398941040039,-1.05
1.3799999999999926,-2.8997693061828613,1.9936631917953491,-1.2
1.3849999999999925,-2.887699604034424,1.9190218448638916,-1.3499999999999999
1.3899999999999924,-2.879199981689453,1.8295060396194458,-1.4999999999999998
1.3949999999999922,-2.8707869052886963,1.7246057987213135,-1.6499999999999997
1.3999999999999921,-2.860858201980591,1.6037143468856812,-1.7999999999999996
1.404999999999992,-2.8543386459350586,1.4677733182907104,-1.9499999999999995
1.409999999999992,-2.8472065925598145,1.3163456916809082,-2.0999999999999996
1.4149999999999918,-2.841967821121216,1.1516320705413818,-2.2499999999999996
1.4199999999999917,-2.8366734981536865,0.9675505757331848,-2.3999999999999995
1.4249999999999916,-2.828766107559204,0.7662338614463806,-2.5499999999999994
1.4299999999999915,-2.8288471698760986,0.5498341917991638,-2.6999999999999993
1.4349999999999914,-2.8262522220611572,0.315909206867218,-2.849999999999999
1.4399999999999913,-2.824249029159546,0.0590992234647274,-2.999999999999999
1.4449999999999912,-2.8255538940429688,-0.1426098495721817,-3.0
1.449999999999991,-2.828033447265625,-0.3357960879802704,-3.0
1.454999999999991,-2.8288187980651855,-0.5236182808876038,-3.0
1.4599999999999909,-2.832385301589966,-0.7128651738166809,-3.0
1.4649999999999908,-2.836135149002075,-0.905746579170227,-3.0
1.4699999999999906,-2.842228651046753,-1.1008763313293457,-3.0
1.4749999999999905,-2.8459889888763428,-1.294879674911499,-3.0
1.4799999999999904,-2.8549978733062744,-1.4933632612228394,-3.0
1.4849999999999903,-2.862487316131592,-1.6945223808288574,-3.0
1.4899999999999902,-2.8718416690826416,-1.9008630514144897,-3.0
1.4949999999999901,-2.8817248344421387,-2.1089982986450195,-3.0
1.49999999999999,-2.8905065059661865,-2.3237926959991455,-3.0
1.50499999999999,-2.904116153717041,-2.547656536102295,-3.0
1.5099999999999898,-2.917891025543213,-2.77264404296875,-3.0
1.5149999999999897,-2.930481195449829,-2.585834503173828,0.0
1.5199999999999896,-2.943051815032959,-2.407461643218994,0.0
1.5249999999999895,-2.9565062522888184,-2.2396459579467773,0.0
1.5299999999999894,-2.964993715286255,-2.0790607929229736,0.0
1.5349999999999893,-2.9733638763427734,-1.927107334136963,0.0
1.5399999999999892,-2.9864392280578613,-1.7821834087371826,0.0
1.544999999999989,-2.993422031402588,-1.641541838645935,0.0
1.549999999999989,-3.001997947692871,-1.5086156129837036,0.0
1.5549999999999888,-3.007578134536743,-1.3821988105773926,0.0
1.5599999999999887,-3.0157291889190674,-1.2598893642425537,0.0
1.5649999999999886,-3.021862030029297,-1.1428356170654297,0.0
1.5699999999999885,-3.0256972312927246,-1.0277764797210693,0.0
1.5749999999999884,-3.0323383808135986,-0.9200854897499084,0.0
1.5799999999999883,-3.0350351333618164,-0.8147250413894653,0.0
1.5849999999999882,-3.0383713245391846,-0.7143283486366272,0.0
1.589999999999988,-3.042421579360962,-0.6132498979568481,0.0
1.594999999999988,-3.0458242893218994,-0.5182116627693176,0.0
1.5999999999999879,-3.048304319381714,-0.424211323261261,0.0
1.6049999999999878,-3.0498862266540527,-0.3312205970287323,0.0
1.6099999999999877,-3.052216053009033,-0.24397782981395721,0.0
1.6149999999999876,-3.05241060256958,-0.15521763265132904,0.0
1.6199999999999875,-3.0537049770355225,-0.06346048414707184,0.0
1.6249999999999873,-3.0539233684539795,0.006199188996106386,0.0
1.6299999999999872,-3.053638458251953,0.03359518200159073,0.0
1.6349999999999871,-3.0517847537994385,0.058652542531490326,0.0
1.639999999999987,-3.0526950359344482,0.08442670106887817,0.0
1.644999999999987,-3.053039789199829,0.11105130612850189,0.0
1.6499999999999868,-3.0511415004730225,0.13936981558799744,0.0
1.6549999999999867,-3.0504119396209717,0.16477666795253754,0.0
1.6599999999999866,-3.049682378768921,0.19164244830608368,0.0
1.6649999999999865,-3.0501949787139893,0.21996696293354034,0.0
1.6699999999999864,-3.049330949783325,0.24677078425884247,0.0
1.6749999999999863,-3.044879198074341,0.2765541076660156,0.0
1.6799999999999862,-3.0425477027893066,0.3055063486099243,0.0
1.684999999999986,-3.041837692260742,0.3337465822696686,0.0
1.689999999999986,-3.0405218601226807,0.3653761148452759,0.0
1.6949999999999859,-3.039949655532837,0.39627155661582947,0.0
1.6999999999999857,-3.03743052482605,0.4281037151813507,0.0
1.7049999999999856,-3.03450608253479,0.4628959894180298,0.0
1.7099999999999855,-3.0310914516448975,0.4997583031654358,0.0
1.7149999999999854,-3.0298030376434326,0.5139760971069336,-0.15
1.7199999999999853,-3.0280797481536865,0.51189124584198,-0.3
1.7249999999999852,-3.026200771331787,0.4870474338531494,-0.44999999999999996
1.729999999999985,-3.0231285095214844,0.4451743960380554,-0.6
1.734999999999985,-3.0194637775421143,0.38336971402168274,-0.75
1.739999999999985,-3.020315170288086,0.3009214699268341,-0.9
1.7449999999999848,-3.0180795192718506,0.2025417685508728,-1.05
1.7499999999999847,-3.015256643295288,0.08055589348077774,-1.2
1.7549999999999846,-3.019542932510376,-0.030107641592621803,-1.3499999999999999
1.7599999999999845,-3.0166943073272705,-0.1315622180700302,-1.4999999999999998
1.7649999999999844,-3.0170602798461914,-0.2524125874042511,-1.6499999999999997
1.7699999999999843,-3.0192203521728516,-0.3947245478630066,-1.7999999999999996
1.7749999999999841,-3.0240061283111572,-0.5617400407791138,-1.9499999999999995
1.779999999999984,-3.025263547897339,-0.7466800808906555,-2.0999999999999996
1.784999999999984,-3.028092384338379,-0.9534671306610107,-2.2499999999999996
1.7899999999999838,-3.0365805625915527,-1.1830326318740845,-2.3999999999999995
1.7949999999999837,-3.0428812503814697,-1.4389235973358154,-2.5499999999999994
1.7999999999999836,-3.050746202468872,-1.7151085138320923,-2.6999999999999993
1.8049999999999835,-3.0569820404052734,-1.6188899278640747,0.0
1.8099999999999834,-3.065657377243042,-1.524618148803711,0.0
1.8149999999999833,-3.072972297668457,-1.4397048950195312,0.0
1.8199999999999832,-3.079881191253662,-1.3580957651138306,0.0
1.824999999999983,-3.0859527587890625,-1.2810829877853394,0.0
1.829999999999983,-3.0949320793151855,-1.2116602659225464,0.0
1.8349999999999829,-3.100325107574463,-1.142633080482483,0.0
1.8399999999999828,-3.106605291366577,-1.080243706703186,0.0
1.8449999999999827,-3.110729932785034,-1.000191569328308,0.15
1.8499999999999825,-3.1149673461914062,-0.9015271663665771,0.3
1.8549999999999824,-3.117908477783203,-0.789094865322113,0.44999999999999996
1.8599999999999823,-3.1211979389190674,-0.6558884382247925,0.6
1.8649999999999822,-3.1267945766448975,-0.5036896467208862,0.75
1.8699999999999821,-3.1278584003448486,-0.3345526456832886,0.9
1.874999999999982,-3.1279120445251465,-0.14624238014221191,1.05
1.879999999999982,-3.1310715675354004,0.03174871951341629,1.2
1.8849999999999818,-3.128723621368408,0.20039035379886627,1.3499999999999999
1.8899999999999817,-3.128781795501709,0.38867729902267456,1.4999999999999998
1.8949999999999816,-3.1245815753936768,0.597020149230957,1.6499999999999997
1.8999999999999815,-3.120335817337036,0.5734259486198425,0.0
1.9049999999999814,-3.119608163833618,0.5525292158126831,0.0
1.9099999999999813,-3.1169064044952393,0.5351341962814331,0.0
1.9149999999999812,-3.1140782833099365,0.5163114666938782,0.0
1.919999999999981,-3.10874342918396,0.5033183693885803,0.0
1.924999999999981,-3.1081368923187256,0.49171167612075806,0.0
1.9299999999999808,-3.1057329177856445,0.4782731831073761,0.0
1.9349999999999807,-3.104020595550537,0.4693650007247925,0.0
1.9399999999999806,-3.101262331008911,0.4605119526386261,0.0
1.9449999999999805,-3.099682331085205,0.45314714312553406,0.0
1.9499999999999804,-3.0962135791778564,0.44748878479003906,0.0
1.9549999999999803,-3.094222068786621,0.44408318400382996,0.0
1.9599999999999802,-3.09196400642395,0.4431390166282654,0.0
1.96499999999998,-3.0880467891693115,0.44186967611312866,0.0
1.96999999999998,-3.088531970977783,0.4210887849330902,-0.15
1.9749999999999799,-3.0863678455352783,0.38156673312187195,-0.3
1.9799999999999798,-3.0839054584503174,0.3212784230709076,-0.44999999999999996
1.9849999999999797,-3.0817954540252686,0.24096859991550446,-0.6
1.9899999999999796,-3.080482244491577,0.14237675070762634,-0.75
1.9949999999999795,-3.081669330596924,0.022678155452013016,-0.9
1.9999999999999793,-3.0812859535217285,0.03128552809357643,0.0
2.0049999999999795,-3.0793118476867676,0.03998087719082832,0.0
2.0099999999999794,-3.081420421600342,0.04712497442960739,0.0
2.0149999999999793,-3.082386016845703,0.05583757907152176,0.0
2.019999999999979,-3.0802764892578125,0.0644439086318016,0.0
2.024999999999979,-3.0816006660461426,0.07366369664669037,0.0
2.029999999999979,-3.079261541366577,0.08321443200111389,0.0
2.034999999999979,-3.0786468982696533,0.09103814512491226,0.0
2.0399999999999787,-3.0780320167541504,0.10185499489307404,0.0
2.0449999999999786,-3.0775177478790283,0.11250460892915726,0.0
2.0499999999999785,-3.076002836227417,0.12059039622545242,0.0
2.0549999999999784,-3.0760927200317383,0.10789398103952408,-0.15
2.0599999999999783,-3.0763440132141113,0.07766624540090561,-0.3
2.064999999999978,-3.0747580528259277,0.026296138763427734,-0.44999999999999996
2.069999999999978,-3.075655460357666,-0.008275650441646576,-0.6
2.074999999999978,-3.076427936553955,-0.041572436690330505,-0.75
2.079999999999978,-3.077183723449707,0.0055487314239144325,0.0
2.0849999999999778,-3.0785810947418213,0.01629931665956974,0.0
2.0899999999999777,-3.076802968978882,0.028805119916796684,0.0
2.0949999999999775,-3.0766818523406982,0.02060650661587715,-0.15
2.0999999999999774,-3.0758135318756104,-0.0007242867723107338,-0.3
2.1049999999999773,-3.075424909591675,0.00035847030812874436,-0.44999999999999996
2.1099999999999772,-3.0767290592193604,-0.012901761569082737,-0.6
2.114999999999977,-3.075554609298706,-0.046443890780210495,-0.75
2.119999999999977,-3.078277111053467,-0.100553497672081,-0.9
2.124999999999977,-3.0780093669891357,-0.025775615125894547,0.0
2.129999999999977,-3.076909065246582,0.008118155412375927,0.0
2.1349999999999767,-3.0793018341064453,0.01808100752532482,0.0
2.1399999999999766,-3.077960729598999,0.03184914588928223,0.0
2.1449999999999765,-3.0763790607452393,0.04239928349852562,0.0
2.1499999999999764,-3.077126979827881,0.05285963788628578,0.0
2.1549999999999763,-3.074306011199951,0.06279575079679489,0.0
2.159999999999976,-3.074434518814087,0.07231543958187103,0.0
2.164999999999976,-3.0754172801971436,0.08624526858329773,0.0
2.169999999999976,-3.0745322704315186,0.09807836264371872,0.0
2.174999999999976,-3.075485944747925,0.11065758019685745,0.0
2.1799999999999757,-3.0739991664886475,0.12197746336460114,0.0
2.1849999999999756,-3.0746331214904785,0.13498419523239136,0.0
2.1899999999999755,-3.072359800338745,0.12653304636478424,-0.15
2.1949999999999754,-3.0729286670684814,0.09991474449634552,-0.3
2.1999999999999753,-3.0710031986236572,0.04668029770255089,-0.44999999999999996
2.204999999999975,-3.070189952850342,-0.003324724966660142,-0.6
2.209999999999975,-3.072856903076172,-0.03419148176908493,-0.75
2.214999999999975,-3.070405960083008,0.008006221614778042,0.0
2.219999999999975,-3.0716991424560547,0.02419568970799446,0.0
2.2249999999999748,-3.0719516277313232,0.03685102239251137,0.0
2.2299999999999747,-3.0711114406585693,0.0511157363653183,0.0
2.2349999999999746,-3.071286916732788,0.06766369193792343,0.0
2.2399999999999745,-3.070582866668701,0.08124766498804092,0.0
2.2449999999999743,-3.069875955581665,0.09805699437856674,0.0
2.2499999999999742,-3.0715818405151367,0.11076818406581879,0.0
2.254999999999974,-3.071716070175171,0.12790954113006592,0.0
2.259999999999974,-3.068364381790161,0.14293748140335083,0.0
2.264999999999974,-3.069288730621338,0.158289834856987,0.0
2.269999999999974,-3.0670742988586426,0.17427991330623627,0.0
2.2749999999999737,-3.0668652057647705,0.1697845309972763,-0.15
2.2799999999999736,-3.065802812576294,0.14361001551151276,-0.3
2.2849999999999735,-3.064417839050293,0.10178156197071075,-0.44999999999999996
2.2899999999999734,-3.0648698806762695,0.03456725552678108,-0.6
2.2949999999999733,-3.0634701251983643,-0.016210922971367836,-0.75
2.299999999999973,-3.0637240409851074,0.014095530845224857,0.0
2.304999999999973,-3.0657737255096436,0.03609958663582802,0.0
2.309999999999973,-3.0624592304229736,0.05637740343809128,0.0
2.314999999999973,-3.065178394317627,0.07409553229808807,0.0
2.3199999999999728,-3.061368942260742,0.0923294946551323,0.0
2.3249999999999726,-3.0626511573791504,0.11306607723236084,0.0
2.3299999999999725,-3.061098098754883,0.1318519413471222,0.0
2.3349999999999724,-3.061532974243164,0.15449008345603943,0.0
2.3399999999999723,-3.060774803161621,0.1750640571117401,0.0
2.344999999999972,-3.060537338256836,0.19422294199466705,0.0
2.349999999999972,-3.059044599533081,0.21697764098644257,0.0
2.354999999999972,-3.056847095489502,0.23740707337856293,0.0
2.359999999999972,-3.055807590484619,0.26014620065689087,0.0
2.364999999999972,-3.053805351257324,0.2833057940006256,0.0
2.3699999999999717,-3.0528554916381836,0.2858526110649109,-0.15
2.3749999999999716,-3.052090883255005,0.26782190799713135,-0.3
2.3799999999999715,-3.0502703189849854,0.2308652549982071,-0.44999999999999996
2.3849999999999714,-3.049107789993286,0.1756853610277176,-0.6
2.3899999999999713,-3.0486693382263184,0.10058616101741791,-0.75
2.394999999999971,-3.048929214477539,-0.0007773441611789167,-0.9
2.399999999999971,-3.05000376701355,-0.05960517004132271,-1.05
2.404999999999971,-3.048813819885254,-0.13675956428050995,-1.2
2.409999999999971,-3.051255226135254,-0.04765963554382324,0.0
2.4149999999999707,-3.0506999492645264,0.013936229050159454,0.0
2.4199999999999706,-3.0497865676879883,0.043310921639204025,0.0
2.4249999999999705,-3.0497729778289795,0.0710827186703682,0.0
2.4299999999999704,-3.04923939704895,0.09894585609436035,0.0
2.4349999999999703,-3.049071788787842,0.12664198875427246,0.0
2.43999999999997,-3.046534538269043,0.1560463011264801,0.0
2.44499999999997,-3.046302556991577,0.1839713603258133,0.0
2.44999999999997,-3.046279191970825,0.2154085636138916,0.0
2.45499999999997,-3.0464916229248047,0.24570780992507935,0.0
2.4599999999999698,-3.0430970191955566,0.27771061658859253,0.0
2.4649999999999697,-3.0422956943511963,0.30685725808143616,0.0
2.4699999999999696,-3.0399224758148193,0.3362622559070587,0.0
2.4749999999999694,-3.036574363708496,0.3718806803226471,0.0
2.4799999999999693,-3.037365674972534,0.40717703104019165,0.0
2.4849999999999692,-3.034517765045166,0.44015631079673767,0.0
2.489999999999969,-3.0307350158691406,0.47684305906295776,0.0
2.494999999999969,-3.0319814682006836,0.5158810615539551,0.0
2.499999999999969,-3.0277326107025146,0.5531332492828369,0.0
2.504999999999969,-3.024298667907715,0.5939886569976807,0.0
2.5099999999999687,-3.0222225189208984,0.6131078600883484,-0.15
2.5149999999999686,-3.0190839767456055,0.6152987480163574,-0.3
2.5199999999999685,-3.0146420001983643,0.5966969132423401,-0.44999999999999996
2.5249999999999684,-3.011272668838501,0.5621873140335083,-0.6
2.5299999999999683,-3.0104968547821045,0.5057263970375061,-0.75
2.534999999999968,-3.0077366828918457,0.43144702911376953,-0.9
2.539999999999968,-3.006333112716675,0.33877092599868774,-1.05
2.544999999999968,-3.0034823417663574,0.22377261519432068,-1.2
2.549999999999968,-3.0030345916748047,0.0914945900440216,-1.3499999999999999
2.5549999999999677,-3.0044326782226562,-0.03140316531062126,-1.4999999999999998
2.5599999999999676,-3.002228021621704,-0.14624479413032532,-1.6499999999999997
2.5649999999999675,-3.0046136379241943,-0.28169482946395874,-1.7999999999999996
2.5699999999999674,-3.0057291984558105,-0.43504956364631653,-1.9499999999999995
2.5749999999999673,-3.007714033126831,-0.31607940793037415,0.0
2.579999999999967,-3.007751226425171,-0.19894132018089294,0.0
2.584999999999967,-3.010652780532837,-0.08239014446735382,0.0
2.589999999999967,-3.0094988346099854,0.01519196666777134,0.0
2.594999999999967,-3.0106189250946045,0.06955277919769287,0.0
2.599999999999967,-3.009648084640503,0.12169685959815979,0.0
2.6049999999999667,-3.008998394012451,0.1775166541337967,0.0
2.6099999999999666,-3.0062918663024902,0.22912466526031494,0.0
2.6149999999999665,-3.0066206455230713,0.28327322006225586,0.0
2.6199999999999664,-3.005730628967285,0.31743502616882324,-0.15
2.6249999999999662,-3.002995491027832,0.3303217589855194,-0.3
2.629999999999966,-3.004014015197754,0.3247981667518616,-0.44999999999999996
2.634999999999966,-2.9995691776275635,0.2963228225708008,-0.6
2.639999999999966,-2.9989120960235596,0.25171753764152527,-0.75
2.644999999999966,-2.997985601425171,0.18583011627197266,-0.9
2.6499999999999657,-2.995478391647339,0.09718731045722961,-1.05
2.6549999999999656,-2.9966578483581543,-0.003375092288479209,-1.2
2.6599999999999655,-2.9971139430999756,-0.0718485414981842,-1.3499999999999999
2.6649999999999654,-2.9978675842285156,-0.15670883655548096,-1.4999999999999998
2.6699999999999653,-2.9984357357025146,-0.26562365889549255,-1.6499999999999997
2.674999999999965,-2.9993724822998047,-0.394479364156723,-1.7999999999999996
2.679999999999965,-3.003016710281372,-0.546837568283081,-1.9499999999999995
2.684999999999965,-3.004640817642212,-0.7191643714904785,-2.0999999999999996
2.689999999999965,-3.0083014965057373,-0.9142389893531799,-2.2499999999999996
2.6949999999999648,-3.0162370204925537,-1.1292273998260498,-2.3999999999999995
2.6999999999999647,-3.019913911819458,-1.3721457719802856,-2.5499999999999994
2.7049999999999645,-3.028188943862915,-1.6371723413467407,-2.6999999999999993
2.7099999999999644,-3.037513017654419,-1.5258641242980957,0.0
2.7149999999999643,-3.0435235500335693,-1.4191101789474487,0.0
2.7199999999999642,-3.051079273223877,-1.321987271308899,0.0
2.724999999999964,-3.0552773475646973,-1.2256083488464355,0.0
2.729999999999964,-3.063601016998291,-1.136478304862976,0.0
2.734999999999964,-3.067539930343628,-1.049872875213623,0.0
2.739999999999964,-3.072688341140747,-0.9658562541007996,0.0
2.7449999999999637,-3.0768349170684814,-0.8884389400482178,0.0
2.7499999999999636,-3.083918571472168,-0.8116430044174194,0.0
2.7549999999999635,-3.086643695831299,-0.7396136522293091,0.0
2.7599999999999634,-3.090610980987549,-0.6718757152557373,0.0
2.7649999999999633,-3.0920190811157227,-0.6028183102607727,0.0
2.769999999999963,-3.093289852142334,-0.5409973859786987,0.0
2.774999999999963,-3.098705291748047,-0.4773310422897339,0.0
2.779999999999963,-3.1009747982025146,-0.41590553522109985,0.0
2.784999999999963,-3.103101968765259,-0.35855308175086975,0.0
2.7899999999999627,-3.10483980178833,-0.30038967728614807,0.0
2.7949999999999626,-3.106194496154785,-0.24506746232509613,0.0
2.7999999999999625,-3.107405662536621,-0.18980920314788818,0.0
2.8049999999999624,-3.1075034141540527,-0.13764646649360657,0.0
2.8099999999999623,-3.1079280376434326,-0.08555072546005249,0.0
2.814999999999962,-3.108484983444214,-0.031424738466739655,0.0
2.819999999999962,-3.1086320877075195,0.00268022483214736,0.0
2.824999999999962,-3.1086480617523193,-0.00011177426495123655,0.0
2.829999999999962,-3.107527732849121,0.00039277851465158165,0.0
2.8349999999999618,-3.1096532344818115,0.0006467629573307931,0.0
2.8399999999999617,-3.107656240463257,-6.654105527559295e-05,0.0
2.8449999999999616,-3.1094350814819336,0.002249434357509017,0.0
2.8499999999999615,-3.1075775623321533,-0.0011495923390612006,0.0
2.8549999999999613,-3.107902765274048,0.002171370666474104,0.0
2.8599999999999612,-3.109715700149536,0.0016148998402059078,0.0
2.864999999999961,-3.10909104347229,0.0013192340265959501,0.0
2.869999999999961,-3.109583854675293,2.3255102860275656e-05,0.0
2.874999999999961,-3.1076889038085938,-0.0002923178253695369,0.0
2.879999999999961,-3.105478048324585,-0.0005096752429381013,0.0
2.8849999999999607,-3.10796856880188,0.00016215667710639536,0.0
2.8899999999999606,-3.107980966567993,-0.0005254169227555394,0.0
2.8949999999999605,-3.1077418327331543,0.0012962828623130918,0.0
2.8999999999999604,-3.1067986488342285,0.001803347491659224,0.0
2.9049999999999603,-3.1086909770965576,0.00015161163173615932,0.0
2.90999999999996,-3.1075921058654785,-4.112417082069442e-05,0.0
2.91499999999996,-3.108187675476074,0.0013856731820851564,0.0
2.91999999999996,-3.107755184173584,0.0024429666809737682,0.0
2.92499999999996,-3.109773635864258,0.0010418673045933247,0.0
2.9299999999999597,-3.1079492568969727,0.0009710974991321564,0.0
2.9349999999999596,-3.1090636253356934,0.002195662120357156,0.0
2.9399999999999595,-3.107123374938965,0.0008397594792768359,0.0
2.9449999999999594,-3.108567953109741,0.0015830897027626634,0.0
2.9499999999999593,-3.108922004699707,8.309828263008967e-05,0.0
2.954999999999959,-3.111065149307251,-0.00035274127731099725,0.0
2.959999999999959,-3.1060712337493896,0.0006562538910657167,0.0
2.964999999999959,-3.107914924621582,0.0003656004264485091,0.0
2.969999999999959,-3.108912467956543,0.0009623524965718389,0.0
2.974999999999959,-3.107287645339966,0.0013780436711385846,0.0
2.9799999999999587,-3.107764959335327,0.0014262320473790169,0.0
2.9849999999999586,-3.1075682640075684,0.0016198018565773964,0.0
2.9899999999999585,-3.1082353591918945,0.0021319324150681496,0.0
2.9949999999999584,-3.107478380203247,0.000209015779546462,0.0
2.9999999999999583,-3.107367515563965,0.0022960850037634373,0.0
3.004999999999958,-3.108316659927368,0.0011034240014851093,0.0
3.009999999999958,-3.109280824661255,0.0018485381733626127,0.0
3.014999999999958,-3.1083695888519287,0.0015526580391451716,0.0
3.019999999999958,-3.1067235469818115,0.0033952638041228056,0.0
3.0249999999999577,-3.1073522567749023,0.001833776943385601,0.0
3.0299999999999576,-3.110133409500122,0.001420492772012949,0.0
3.0349999999999575,-3.108459949493408,0.0016431560507044196,0.0
3.0399999999999574,-3.106904983520508,0.001491261413320899,0.0
3.0449999999999573,-3.1088948249816895,0.00034760459675453603,0.0
3.049999999999957,-3.108130931854248,0.0020064408890902996,0.0
3.054999999999957,-3.1079354286193848,0.0007543412502855062,0.0
3.059999999999957,-3.105634927749634,0.0020922275725752115,0.0
3.064999999999957,-3.10833740234375,0.000802835333161056,0.0
3.0699999999999568,-3.110084295272827,0.003932718187570572,0.0
3.0749999999999567,-3.1077194213867188,0.002309824340045452,0.0
3.0799999999999566,-3.1065127849578857,0.00226030545309186,0.0
3.0849999999999564,-3.108696460723877,0.0007176107028499246,0.0
3.0899999999999563,-3.108879327774048,-0.00079108658246696,0.0
3.0949999999999562,-3.1090333461761475,0.0012476396514102817,0.0
3.099999999999956,-3.1074366569519043,0.0016739147249609232,0.0
3.104999999999956,-3.1089301109313965,-0.000745725876186043,0.0
3.109999999999956,-3.1075267791748047,0.0010427853558212519,0.0
3.114999999999956,-3.108381509780884,0.0006879603024572134,0.0
3.1199999999999557,-3.1076111793518066,0.0016528471605852246,0.0
3.1249999999999556,-3.108994483947754,0.00012158053868915886,0.0
3.1299999999999555,-3.107346773147583,0.0012099198065698147,0.0
3.1349999999999554,-3.1072518825531006,-0.0006031552911736071,0.0
3.1399999999999553,-3.108027696609497,0.0015989093808457255,0.0
3.144999999999955,-3.1079158782958984,-0.0003167755203321576,0.0
3.149999999999955,-3.106774091720581,0.002402754034847021,0.0
3.154999999999955,-3.10713529586792,0.0016408009687438607,0.0
3.159999999999955,-3.1097350120544434,0.00039627126534469426,0.0
3.1649999999999547,-3.1076138019561768,0.00226517952978611,0.0
3.1699999999999546,-3.107564926147461,7.285279934876598e-06,0.0
3.1749999999999545,-3.1076090335845947,0.000426628248533234,0.0
3.1799999999999544,-3.109015941619873,0.002074609510600567,0.0
3.1849999999999543,-3.1075780391693115,0.0012843356234952807,0.0
3.189999999999954,-3.106523036956787,-0.0008193304529413581,0.0
3.194999999999954,-3.1097965240478516,0.00247592362575233,0.0
3.199999999999954,-3.1083226203918457,0.0009874919196590781,0.0
3.204999999999954,-3.108522415161133,-0.0008301721536554396,0.0
3.209999999999954,-3.1099679470062256,0.0014420152874663472,0.0
3.2149999999999537,-3.1095218658447266,0.0005903858109377325,0.0
3.2199999999999536,-3.1081433296203613,7.540234946645796e-05,0.0
3.2249999999999535,-3.108673572540283,0.00030986571800895035,0.0
3.2299999999999534,-3.1092069149017334,0.0007352345855906606,0.0
3.2349999999999532,-3.1081011295318604,0.0013527575647458434,0.0
3.239999999999953,-3.107102155685425,-0.0001411687262589112,0.0
3.244999999999953,-3.105614185333252,0.00040277448715642095,0.0
3.249999999999953,-3.1076600551605225,0.0008390982402488589,0.0
3.254999999999953,-3.108499765396118,-0.00019662175327539444,0.0
3.2599999999999527,-3.1089680194854736,0.0021296285558491945,0.0
3.2649999999999526,-3.1075947284698486,0.001538455835543573,0.0
3.2699999999999525,-3.107344388961792,0.0005807318957522511,0.0
3.2749999999999524,-3.1076698303222656,0.0017032437026500702,0.0
3.2799999999999523,-3.1091463565826416,0.0002921531558968127,0.0
3.284999999999952,-3.107340097427368,0.000541948713362217,0.0
3.289999999999952,-3.108391523361206,0.0017369267297908664,0.0
3.294999999999952,-3.1077136993408203,-0.0016691783675923944,0.0
3.299999999999952,-3.109253406524658,0.0009300459059886634,0.0
3.3049999999999518,-3.109952449798584,0.0017492774641141295,0.0
3.3099999999999516,-3.1078484058380127,0.0023447207640856504,0.0
3.3149999999999515,-3.107069730758667,0.00040573193109594285,0.0
3.3199999999999514,-3.108921766281128,0.002359542064368725,0.0
3.3249999999999513,-3.1089911460876465,-0.00013033158029429615,0.0
3.329999999999951,-3.105609178543091,0.0006124030333012342,0.0
3.334999999999951,-3.1085095405578613,0.0003718494263011962,0.0
3.339999999999951,-3.109361171722412,0.0015158015303313732,0.0
3.344999999999951,-3.107069969177246,-0.0005726946983486414,0.0
3.349999999999951,-3.108421802520752,0.0020631144288927317,0.0
3.3549999999999507,-3.108591318130493,0.00013851055700797588,0.0
3.3599999999999506,-3.1066110134124756,0.001426052418537438,0.0
3.3649999999999505,-3.107499599456787,0.0015231540892273188,0.0
3.3699999999999504,-3.107051134109497,-0.0006931288517080247,0.0
3.3749999999999503,-3.1068315505981445,0.0016610280144959688,0.0
3.37999999999995,-3.1082592010498047,0.0007435197476297617,0.0
3.38499999999995,-3.1099367141723633,0.0015931017696857452,0.0
3.38999999999995,-3.1075119972229004,0.000881308107636869,0.0
3.39499999999995,-3.107720375061035,0.002159495372325182,0.0
3.3999999999999497,-3.1074647903442383,0.0018003893783316016,0.0
3.4049999999999496,-3.109039783477783,0.0003525764332152903,0.0
3.4099999999999495,-3.1086645126342773,0.0018883318407461047,0.0
3.4149999999999494,-3.1071784496307373,0.0018083916511386633,0.0
3.4199999999999493,-3.107372760772705,0.0018897464033216238,0.0
3.424999999999949,-3.108712911605835,0.0016253339126706123,0.0
3.429999999999949,-3.1092281341552734,0.00019926275126636028,0.0
3.434999999999949,-3.1068389415740967,0.0005243602790869772,0.0
3.439999999999949,-3.1084859371185303,0.00014178003766573966,0.0
3.4449999999999488,-3.107231378555298,-3.3023388823494315e-05,0.0
3.4499999999999487,-3.108438014984131,0.0026027450803667307,0.0
3.4549999999999486,-3.1084392070770264,-0.0003390626807231456,0.0
3.4599999999999485,-3.1082022190093994,0.0014135794481262565,0.0
3.4649999999999483,-3.1072752475738525,0.0010319652501493692,0.0
3.4699999999999482,-3.1077356338500977,0.00012508954387158155,0.0
3.474999999999948,-3.1083896160125732,-0.00014491795445792377,0.0
3.479999999999948,-3.1070144176483154,0.0005772974109277129,0.0
3.484999999999948,-3.108278274536133,0.0026406601537019014,0.0
3.489999999999948,-3.1062991619110107,0.0016084660310298204,0.0
3.4949999999999477,-3.108008623123169,0.0009535608696751297,0.0
3.4999999999999476,-3.1098885536193848,-0.0001360727910650894,0.0
3.5049999999999475,-3.108391523361206,-0.0008865122799761593,0.0
3.5099999999999474,-3.107278823852539,0.0015848613111302257,0.0
3.5149999999999473,-3.1063570976257324,0.002397560514509678,0.0
3.519999999999947,-3.1105196475982666,0.0009238250786438584,0.0
3.524999999999947,-3.1067283153533936,-1.0307583579560742e-05,0.0
3.529999999999947,-3.106029987335205,0.00041192639037035406,0.0
3.534999999999947,-3.107520580291748,0.0005467134178616107,0.0
3.5399999999999467,-3.1081383228302,0.00012874019739683717,0.0
3.5449999999999466,-3.1088919639587402,0.0019554607570171356,0.0
3.5499999999999465,-3.108574390411377,0.0021548676304519176,0.0
3.5549999999999464,-3.1073479652404785,0.000902093481272459,0.0
3.5599999999999463,-3.107063055038452,0.0017849249998107553,0.0
3.564999999999946,-3.107408285140991,0.0004364482592791319,0.0
3.569999999999946,-3.108370304107666,0.0017766932724043727,0.0
3.574999999999946,-3.1075265407562256,0.0011433971812948585,0.0
3.579999999999946,-3.106945514678955,0.0007519481587223709,0.0
3.584999999999946,-3.106948137283325,0.0005268770619295537,0.0
3.5899999999999457,-3.1096081733703613,0.0012543475022539496,0.0
3.5949999999999456,-3.1067087650299072,0.0024036329705268145,0.0
3.5999999999999455,-3.107743740081787,0.0025259717367589474,0.0
3.6049999999999454,-3.1079657077789307,0.0012528386432677507,0.0
3.6099999999999453,-3.1068954467773438,-0.0002809387515299022,0.0
3.614999999999945,-3.1101739406585693,0.0002623600885272026,0.0
3.619999999999945,-3.105750322341919,0.0012636205647140741,0.0
3.624999999999945,-3.1060092449188232,0.0005675849388353527,0.0
3.629999999999945,-3.1074728965759277,0.0017662530299276114,0.0
3.6349999999999447,-3.1065030097961426,0.0007386317010968924,0.0
3.6399999999999446,-3.105860471725464,0.0013755523832514882,0.0
3.6449999999999445,-3.1092307567596436,0.0008950702613219619,0.0
3.6499999999999444,-3.1061365604400635,-6.21088984189555e-05,0.0
3.6549999999999443,-3.108102321624756,-0.0003893293032888323,0.0
3.659999999999944,-3.1086585521698,0.0014128444017842412,0.0
3.664999999999944,-3.109546184539795,-0.0003112794947810471,0.0
3.669999999999944,-3.106849431991577,0.0007099498179741204,0.0
3.674999999999944,-3.107675313949585,0.0012193715665489435,0.0
3.6799999999999438,-3.1077051162719727,0.0015224070521071553,0.0
3.6849999999999437,-3.107668399810791,0.00012794739450328052,0.0
3.6899999999999435,-3.107844829559326,0.00043878803262487054,0.0
3.6949999999999434,-3.1072118282318115,0.0018930647056549788,0.0
3.6999999999999433,-3.107307195663452,0.0013164845295250416,0.0
3.7049999999999432,-3.108342170715332,0.002316822297871113,0.0
3.709999999999943,-3.105339288711548,0.0015261927619576454,0.0
3.714999999999943,-3.106956720352173,0.002429188694804907,0.0
3.719999999999943,-3.107616901397705,0.0019532458391040564,0.0
3.724999999999943,-3.1087124347686768,0.0010897351894527674,0.0
3.7299999999999427,-3.108095407485962,0.0020953682251274586,0.0
3.7349999999999426,-3.1073544025421143,0.0008292955462820828,0.0
3.7399999999999425,-3.1090574264526367,0.001360536552965641,0.0
3.7449999999999424,-3.1067464351654053,0.0015701502561569214,0.0
3.7499999999999423,-3.1073226928710938,0.0017001816304400563,0.0
3.754999999999942,-3.105684757232666,0.0015504391631111503,0.0
3.759999999999942,-3.10833740234375,0.003358699381351471,0.0
3.764999999999942,-3.106776475906372,0.0019509854028001428,0.0
3.769999999999942,-3.107954740524292,0.0018938506254926324,0.0
3.7749999999999417,-3.106699228286743,-0.0013810308882966638,0.0
3.7799999999999416,-3.10713267326355,0.0006785722216591239,0.0
3.7849999999999415,-3.108555316925049,0.00015698492643423378,0.0
3.7899999999999414,-3.109020233154297,0.00207564071752131,0.0
3.7949999999999413,-3.108238935470581,-6.562274211319163e-05,0.0
3.799999999999941,-3.107233762741089,0.0003162532520946115,0.0
3.804999999999941,-3.10683012008667,0.00015752245963085443,0.0
3.809999999999941,-3.1082022190093994,0.0005267451633699238,0.0
3.814999999999941,-3.107083797454834,0.0008366773254238069,0.0
3.8199999999999408,-3.1074371337890625,0.0017173764063045382,0.0
3.8249999999999407,-3.1067659854888916,-0.0008393444586545229,0.0
3.8299999999999406,-3.1092541217803955,0.0027975295670330524,0.0
3.8349999999999405,-3.1087284088134766,0.0006782588316127658,0.0
3.8399999999999403,-3.107001543045044,-0.0005241510807536542,0.0
3.8449999999999402,-3.1070303916931152,0.001973894890397787,0.0
3.84999999999994,-3.107142925262451,0.0003136829473078251,0.0
3.85499999999994,-3.1071364879608154,0.0015484868781641126,0.0
3.85999999999994,-3.1070573329925537,-6.024437607266009e-05,0.0
3.86499999999994,-3.1079189777374268,0.0002716602466534823,0.0
3.8699999999999397,-3.1093838214874268,0.0010872392449527979,0.0
3.8749999999999396,-3.1082875728607178,0.0006359917460940778,0.0
3.8799999999999395,-3.106855869293213,0.0006459251162596047,0.0
3.8849999999999394,-3.108672618865967,0.0019744825549423695,0.0
3.8899999999999393,-3.105437755584717,0.0008464629645459354,0.0
3.894999999999939,-3.1075332164764404,0.0008969075861386955,0.0
3.899999999999939,-3.109262466430664,8.484310569656373e-07,0.0
3.904999999999939,-3.1090521812438965,-0.00025686630397103727,0.0
3.909999999999939,-3.108100175857544,0.0030167975928634405,0.0
3.9149999999999388,-3.1064586639404297,-0.0008015771163627505,0.0
3.9199999999999386,-3.109391689300537,2.4958542780950665e-05,0.0
3.9249999999999385,-3.1065235137939453,0.002205298049375415,0.0
3.9299999999999384,-3.1072139739990234,0.002212466672062874,0.0
3.9349999999999383,-3.108248233795166,0.0009242914384230971,0.0
3.939999999999938,-3.1065826416015625,0.0006559735047630966,0.0
3.944999999999938,-3.1063079833984375,0.000901433581020683,0.0
3.949999999999938,-3.1079189777374268,0.0003675754996947944,0.0
3.954999999999938,-3.1055121421813965,0.001131660770624876,0.0
3.959999999999938,-3.1073217391967773,0.0014210258377715945,0.0
3.9649999999999377,-3.1065948009490967,0.0003682800743263215,0.0
3.9699999999999376,-3.107464075088501,0.00090931192971766,0.0
3.9749999999999375,-3.107217311859131,0.0017523235874250531,0.0
3.9799999999999374,-3.1055917739868164,0.0011131387436762452,0.0
3.9849999999999373,-3.108605146408081,0.0004691338399425149,0.0
3.989999999999937,-3.107060432434082,0.0013092252193018794,0.0
3.994999999999937,-3.1079459190368652,0.00012618927576113492,0.0
3.999999999999937,-3.107311964035034,0.0010680664563551545,0.0
4.004999999999937,-3.1074788570404053,0.0014566757017746568,0.0
4.009999999999937,-3.1066832542419434,0.001955328742042184,0.0
4.014999999999937,-3.1083757877349854,-6.762910925317556e-05,0.0
4.0199999999999365,-3.1069915294647217,0.0031518107280135155,0.0
4.024999999999936,-3.1085543632507324,0.0019572109449654818,0.0
4.029999999999936,-3.1070024967193604,0.0009023432503454387,0.0
4.034999999999936,-3.107584238052368,0.00042321925866417587,0.0
4.039999999999936,-3.1083457469940186,0.002011694246903062,0.0
4.044999999999936,-3.1075403690338135,0.0010890463599935174,0.0
4.049999999999936,-3.106619358062744,0.0012723923427984118,0.0
4.054999999999936,-3.109112024307251,0.0021145555656403303,0.0
4.059999999999936,-3.108503818511963,0.00011563356383703649,0.0
4.0649999999999356,-3.10681414604187,0.0012392500648275018,0.0
4.0699999999999354,-3.1079065799713135,0.0002990775683429092,0.0
4.074999999999935,-3.1072897911071777,0.00042579544242471457,0.0
4.079999999999935,-3.1067211627960205,0.0006615058518946171,0.0
4.084999999999935,-3.1086020469665527,-7.234873464767588e-06,0.0
4.089999999999935,-3.1075620651245117,0.0009852551156654954,0.0
4.094999999999935,-3.107729911804199,0.0005850717425346375,0.0
4.099999999999935,-3.10679292678833,-0.0007848261157050729,0.0
4.104999999999935,-3.107030153274536,0.0012066429480910301,0.0
4.109999999999935,-3.1072418689727783,-8.236433495767415e-05,0.0
4.1149999999999345,-3.1058647632598877,0.0016987117705866694,0.0
4.119999999999934,-3.1067724227905273,0.002230024430900812,0.0
4.124999999999934,-3.1070661544799805,0.002003474161028862,0.0
4.129999999999934,-3.107036828994751,0.00038532004691660404,0.0
4.134999999999934,-3.107745409011841,0.0016044273506850004,0.0
4.139999999999934,-3.108954906463623,0.0004098034405615181,0.0
4.144999999999934,-3.1070022583007812,0.0003028959908988327,0.0
4.149999999999934,-3.1065213680267334,0.0015320027014240623,0.0
4.154999999999934,-3.1072490215301514,0.001868094434030354,0.0
4.1599999999999335,-3.108234167098999,0.0009522830951027572,0.0
4.164999999999933,-3.108755350112915,0.0016732764197513461,0.0
4.169999999999933,-3.106778621673584,-0.0004264645976945758,0.0
4.174999999999933,-3.1084368228912354,0.0009314157068729401,0.0
4.179999999999933,-3.1068177223205566,-0.00047683314187452197,0.0
4.184999999999933,-3.1079511642456055,0.0016332034720107913,0.0
4.189999999999933,-3.106478691101074,0.0003610216954257339,0.0
4.194999999999933,-3.106515407562256,0.0013260875130072236,0.0
4.199999999999933,-3.1059765815734863,0.00028699645190499723,0.0
4.204999999999933,-3.107496976852417,-0.0002723438374232501,0.0
4.2099999999999325,-3.106412172317505,0.002335508354008198,0.0
4.214999999999932,-3.108292818069458,-0.0009827031753957272,0.0
4.219999999999932,-3.1087992191314697,-0.0011160908034071326,0.0
4.224999999999932,-3.108250856399536,0.00010106884292326868,0.0
4.229999999999932,-3.107485294342041,0.0017549905460327864,0.0
4.234999999999932,-3.1052350997924805,0.0007573787588626146,0.0
4.239999999999932,-3.107099771499634,0.0008377651683986187,0.0
4.244999999999932,-3.1079163551330566,0.00024475500686094165,0.0
4.249999999999932,-3.106274366378784,0.001710240845568478,0.0
4.2549999999999315,-3.1070406436920166,0.0008502344135195017,0.0
4.259999999999931,-3.106397867202759,0.0014672910328954458,0.0
4.264999999999931,-3.104537010192871,0.0017260693712159991,0.0
4.269999999999931,-3.1066782474517822,0.0013893140712752938,0.0
4.274999999999931,-3.1082332134246826,0.0002597297716420144,0.0
4.279999999999931,-3.1053965091705322,-7.364102930296212e-05,0.0
4.284999999999931,-3.108424425125122,0.001410161959938705,0.0
4.289999999999931,-3.107408046722412,0.0006306362338364124,0.0
4.294999999999931,-3.1072120666503906,0.0015918605495244265,0.0
4.2999999999999305,-3.106980800628662,0.0029342398047447205,0.0
4.30499999999993,-3.1061909198760986,0.00026080114184878767,0.0
4.30999999999993,-3.10477876663208,0.0035492191091179848,0.0
4.31499999999993,-3.106729507446289,0.0005384397809393704,0.0
4.31999999999993,-3.107910394668579,-0.0005130326026119292,0.0
4.32499999999993,-3.1081581115722656,0.002212223829701543,0.0
4.32999999999993,-3.1089866161346436,0.0001848273241193965,0.0
4.33499999999993,-3.1071739196777344,0.0019087783293798566,0.0
4.33999999999993,-3.1068780422210693,0.0018291511805728078,0.0
4.34499999999993,-3.1079437732696533,0.0007063576485961676,0.0
4.3499999999999295,-3.1067092418670654,0.0019594943150877953,0.0
4.354999999999929,-3.1063857078552246,0.0018939286237582564,0.0
4.359999999999929,-3.1059322357177734,0.001959820045158267,0.0
4.364999999999929,-3.1060709953308105,-0.00014608354831580073,0.0
4.369999999999929,-3.107924222946167,0.0017948986496776342,0.0
4.374999999999929,-3.1066579818725586,0.0025963892694562674,0.0
4.379999999999929,-3.108268976211548,0.0013509171549230814,0.0
4.384999999999929,-3.1074342727661133,-0.0003609890700317919,0.0
4.389999999999929,-3.106020450592041,0.0017141789430752397,0.0
4.3949999999999285,-3.107602834701538,-0.0003819163830485195,0.0
4.399999999999928,-3.1063480377197266,0.001031742780469358,0.0
4.404999999999928,-3.1059532165527344,0.0015866606263443828,0.0
4.409999999999928,-3.106290578842163,0.001808381057344377,0.0
4.414999999999928,-3.107805013656616,0.0005604415200650692,0.0
4.419999999999928,-3.1081995964050293,0.0012793070636689663,0.0
4.424999999999928,-3.106635570526123,0.002353944117203355,0.0
4.429999999999928,-3.105416774749756,-0.00014678957813885063,0.0
4.434999999999928,-3.106964588165283,0.0005650797975249588,0.0
4.439999999999928,-3.1064534187316895,-0.0006296614883467555,0.0
4.4449999999999275,-3.1061012744903564,0.0011679857270792127,0.0
4.449999999999927,-3.1084342002868652,-0.00026542655541561544,0.0
4.454999999999927,-3.1045382022857666,0.0004296562110539526,0.0
4.459999999999927,-3.1078834533691406,0.0014871472958475351,0.0
4.464999999999927,-3.1067943572998047,0.0006508752703666687,0.0
4.469999999999927,-3.1067099571228027,0.00030254857847467065,0.0
4.474999999999927,-3.106285810470581,0.00030905494350008667,0.0
4.479999999999927,-3.105774164199829,0.0007266818429343402,0.0
4.484999999999927,-3.1056690216064453,0.0015664123930037022,0.0
4.4899999999999265,-3.107570171356201,-0.00075764290522784,0.0
4.494999999999926,-3.1069400310516357,0.0016879402101039886,0.0
4.499999999999926,-3.105790615081787,0.0008229644736275077,0.0
4.504999999999926,-3.1053998470306396,0.0005401264643296599,0.0
4.509999999999926,-3.106451988220215,0.002274639904499054,0.0
4.514999999999926,-3.1064043045043945,-1.3863931599189527e-05,0.0
4.519999999999926,-3.10866117477417,0.0010356790153309703,0.0
4.524999999999926,-3.105874538421631,-0.00019892939599230886,0.0
4.529999999999926,-3.106472969055176,0.0006216202164068818,0.0
4.5349999999999255,-3.1063108444213867,0.0009289259905926883,0.0
4.539999999999925,-3.105985641479492,0.00022770346549805254,0.0
4.544999999999925,-3.1078672409057617,0.0003281999961473048,0.0
4.549999999999925,-3.107059955596924,0.0012148782843723893,0.0
4.554999999999925,-3.1054341793060303,0.0005152090452611446,0.0
4.559999999999925,-3.108522891998291,0.0005975539679639041,0.0
4.564999999999925,-3.1052331924438477,0.0016232082853093743,0.0
4.569999999999925,-3.108208656311035,0.0017675899434834719,0.0
4.574999999999925,-3.107602596282959,0.0003438928397372365,0.0
4.579999999999925,-3.1054508686065674,0.0009824283188208938,0.0
4.5849999999999245,-3.1070592403411865,0.0019034029683098197,0.0
4.589999999999924,-3.1053383350372314,-0.0013747640186920762,0.0
4.594999999999924,-3.1065075397491455,0.001504491432569921,0.0
4.599999999999924,-3.106510877609253,0.0010061373468488455,0.0
4.604999999999924,-3.10648512840271,0.0011938897660002112,0.0
4.609999999999924,-3.1061253547668457,0.0008756180759519339,0.0
4.614999999999924,-3.1064419746398926,0.0008426299318671227,0.0
4.619999999999924,-3.1046462059020996,0.00018204489606432617,0.0
4.624999999999924,-3.1080336570739746,0.0018854722147807479,0.0
4.6299999999999235,-3.109020948410034,0.0017110529588535428,0.0
4.634999999999923,-3.1066768169403076,0.001045325887389481,0.0
4.639999999999923,-3.1066956520080566,0.00137148832436651,0.0
4.644999999999923,-3.1076865196228027,0.0010993191972374916,0.0
4.649999999999923,-3.1064934730529785,0.001957257278263569,0.0
4.654999999999923,-3.1058943271636963,0.0029916642233729362,0.0
4.659999999999923,-3.107638359069824,0.000622709805611521,0.0
4.664999999999923,-3.1069746017456055,0.0012857615947723389,0.0
4.669999999999923,-3.106727361679077,0.0013706604950129986,0.0
4.6749999999999226,-3.107208490371704,0.002198468428105116,0.0
4.6799999999999224,-3.1062676906585693,0.003320514690130949,0.0
4.684999999999922,-3.105255365371704,0.0026293552946299314,0.0
4.689999999999922,-3.1079015731811523,0.0016422917833551764,0.0
4.694999999999922,-3.1067638397216797,0.0009182787034660578,0.0
4.699999999999922,-3.106900453567505,0.0017586599569767714,0.0
4.704999999999922,-3.1061832904815674,-8.2877762906719e-05,0.0
4.709999999999922,-3.105684757232666,0.0012153941206634045,0.0
4.714999999999922,-3.107466459274292,0.0016645765863358974,0.0
4.719999999999922,-3.1053617000579834,9.993549610953778e-05,0.0
4.7249999999999215,-3.1060104370117188,0.0010109739378094673,0.0
4.729999999999921,-3.1079061031341553,0.00047837806050665677,0.0
4.734999999999921,-3.1064951419830322,-0.00036980578443035483,0.0
4.739999999999921,-3.1065306663513184,0.001978673040866852,0.0
4.744999999999921,-3.1077945232391357,0.0013971456792205572,0.0
4.749999999999921,-3.107009172439575,0.0009413498337380588,0.0
4.754999999999921,-3.106621265411377,0.0014582270523533225,0.0
4.759999999999921,-3.1067371368408203,0.0023219939321279526,0.0
4.764999999999921,-3.107830286026001,0.001549048232845962,0.0
4.7699999999999205,-3.106553077697754,0.0005075105582363904,0.0
4.77499999999992,-3.107294797897339,-0.000419147516367957,0.0
4.77999999999992,-3.1077935695648193,0.000896005833055824,0.0
4.78499999999992,-3.1059417724609375,-0.0008936206577345729,0.0
4.78999999999992,-3.105015993118286,0.0005092798382975161,0.0
4.79499999999992,-3.106069326400757,0.0019195794593542814,0.0
4.79999999999992,-3.1069107055664062,0.0010156123898923397,0.0
4.80499999999992,-3.105576515197754,0.002905661705881357,0.0
4.80999999999992,-3.107403516769409,0.00211191363632679,0.0
4.81499999999992,-3.105354070663452,0.0007242644787766039,0.0
4.8199999999999195,-3.1063172817230225,0.0007949149585328996,0.0
4.824999999999919,-3.106550931930542,0.00018107634969055653,0.0
